<?xml version="1.0" encoding="UTF-8"?>  
<!DOCTYPE generatorConfiguration  
  PUBLIC "-//mybatis.org//DTD MyBatis Generator Configuration 1.0//EN"  
  "http://mybatis.org/dtd/mybatis-generator-config_1_0.dtd">
<generatorConfiguration>
    <!-- classPathEntry:数据库的JDBC驱动的jar包地址 -->
     <classPathEntry
        location="D:\Program Files\maven\repository12\mysql\mysql-connector-java\5.1.30\mysql-connector-java-5.1.30.jar" />  
    <context id="DB2Tables" targetRuntime="MyBatis3">
        <commentGenerator>
            <!-- 抑制警告 -->
            <property name="suppressTypeWarnings" value="true" />
            <!-- 是否去除自动生成的注释 true：是 ： false:否 -->
            <property name="suppressAllComments" value="false" />
            <!-- 是否生成注释代时间戳 -->
            <property name="suppressDate" value="true" />
        </commentGenerator>

        <!--数据库连接的信息：驱动类、连接地址、用户名、密码 -->
        <!-- <jdbcConnection driverClass="com.mysql.jdbc.Driver"
            connectionURL="jdbc:mysql://192.168.1.166:3306/appointment" userId="root"
            password="transino;20170501">
        </jdbcConnection> -->
        <jdbcConnection driverClass="com.mysql.jdbc.Driver"
            connectionURL="jdbc:mysql://localhost:3306/mydb" userId="root"
            password="root">
        </jdbcConnection>

		<!-- 可以配置的属性为forceBigDecimals，该属性可以控制是否强制DECIMAL和NUMERIC
			类型的字段转换为Java类型的java.math.BigDecimal,默认值为false，一般不需要配置 
		-->
		<javaTypeResolver>
			<property name="forceBigDecimals" value="true" />
		</javaTypeResolver>
		
        <javaModelGenerator targetPackage="cn.comshinetechchina.hyjxyl.domain" targetProject="D:\hyjxyl\src\main\java\">
            <property name="enableSubPackages" value="true" />
            <property name="trimStrings" value="true" />
        </javaModelGenerator>

        <sqlMapGenerator targetPackage="mybatis.mapper"
            targetProject="D:\hyjxyl\src\main\resources">
            <property name="enableSubPackages" value="true" />
        </sqlMapGenerator>

        <javaClientGenerator type="XMLMAPPER" targetPackage="cn.comshinetechchina.hyjxyl.dao.mapper" 
        	targetProject="D:\hyjxyl\src\main\java">
            <property name="enableSubPackages" value="true" />
        </javaClientGenerator>

        <!-- tableName:用于自动生成代码的数据库表；domainObjectName:对应于数据库表的javaBean类名 -->
        <!-- <table schema="untodo" tableName="T_USER" domainObjectName="User"/> -->
        <!-- 要生成那些表(更改tableName和domainObjectName就可以) -->
        <!-- <table schema="untodo" tableName="T_USER" domainObjectName="User" 
            enableCountByExample="false" enableUpdateByExample="false" enableDeleteByExample="false" 
            enableSelectByExample="false" selectByExampleQueryId="false"/> -->
        <!--生成对应表及类名 -->
        <table tableName="tbl_area"
		domainObjectName="Area"
		enableCountByExample="false" enableUpdateByExample="false"
		enableDeleteByExample="false" enableSelectByExample="false" 
		selectByExampleQueryId="false">
            <!--domain字段的命名规则，false:默认为驼峰命名 true:按数据库真实命名 -->
            <property name="useActualColumnNames" value="false" />
            <!-- 忽略列，不生成bean 字段 -->
            <!-- <ignoreColumn column="FRED" /> -->
            <!-- 指定列的java数据类型 -->
            <!-- <columnOverride column="LONG_VARCHAR_FIELD" jdbcType="VARCHAR" /> -->
        </table>
    </context>

</generatorConfiguration>