<?xml version="1.0" encoding="UTF-8"?>
<configuration debug="true">
    <!--定义日志文件的存储地址 勿在 LogBack 的配置中使用相对路径-->
    <property name="LOG_HOME" value="D:/data" />
    <!-- 控制台输出 -->
    <appender name="STDOUT" class="ch.qos.logback.core.ConsoleAppender">
        <encoder class="ch.qos.logback.classic.encoder.PatternLayoutEncoder">
            <!--格式化输出：%d表示日期，%thread表示线程名，%-5level：级别从左显示5个字符宽度%msg：日志消息，%n是换行符-->
            <pattern>%d{yyyy-MM-dd HH:mm:ss.SSS} [%thread] %-5level %logger{50} - %msg%n</pattern>
        </encoder>
    </appender>
    <!-- ERROR级别日志 -->
    <!-- 滚动记录文件，先将日志记录到指定文件，当符合某个条件时，将日志记录到其他文件 RollingFileAppender-->
    <appender name="ERROR" class="ch.qos.logback.core.rolling.RollingFileAppender">
        <!-- 过滤器，只记录WARN级别的日志 -->
        <filter class="ch.qos.logback.classic.filter.LevelFilter">
            <level>ERROR</level>
            <onMatch>ACCEPT</onMatch>
            <onMismatch>DENY</onMismatch>
        </filter>
        <!-- 最常用的滚动策略，它根据时间来制定滚动策略.既负责滚动也负责出发滚动 -->
        <rollingPolicy class="ch.qos.logback.core.rolling.TimeBasedRollingPolicy">
            <!--日志输出位置  可相对、和绝对路径 -->
            <fileNamePattern>D:/data/logs/%d{yyyy-MM-dd}/error-log.log</fileNamePattern>
            <!-- 可选节点，控制保留的归档文件的最大数量，超出数量就删除旧文件假设设置每个月滚动，且<maxHistory>是6，
            则只保存最近6个月的文件，删除之前的旧文件。注意，删除旧文件是，那些为了归档而创建的目录也会被删除-->
            <maxHistory>30</maxHistory>
        </rollingPolicy>

        <!-- 按照固定窗口模式生成日志文件，当文件大于20MB时，生成新的日志文件。窗口大小是1到3，当保存了3个归档文件后，将覆盖最早的日志。
        <rollingPolicy class="ch.qos.logback.core.rolling.FixedWindowRollingPolicy">
          <fileNamePattern>${log_dir}/%d{yyyy-MM-dd}/.log.zip</fileNamePattern>
          <minIndex>1</minIndex>
          <maxIndex>3</maxIndex>
        </rollingPolicy>   -->
        <!-- 查看当前活动文件的大小，如果超过指定大小会告知RollingFileAppender 触发当前活动文件滚动
        <triggeringPolicy class="ch.qos.logback.core.rolling.SizeBasedTriggeringPolicy">
            <maxFileSize>5MB</maxFileSize>
        </triggeringPolicy>   -->

        <encoder>
            <pattern>%d{yyyy-MM-dd HH:mm:ss.SSS} [%thread] %-5level %logger - %msg%n</pattern>
        </encoder>
    </appender>



    <!-- WARN级别日志 appender -->
   <!-- <appender name="WARN" class="ch.qos.logback.core.rolling.RollingFileAppender">
        &lt;!&ndash; 过滤器，只记录WARN级别的日志 &ndash;&gt;
        <filter class="ch.qos.logback.classic.filter.LevelFilter">
            <level>WARN</level>
            <onMatch>ACCEPT</onMatch>
            <onMismatch>DENY</onMismatch>
        </filter>
        <rollingPolicy class="ch.qos.logback.core.rolling.TimeBasedRollingPolicy">
            &lt;!&ndash; 按天回滚 daily &ndash;&gt;
            <fileNamePattern>D:/data/logs/%d{yyyy-MM-dd}/warn-log.log
            </fileNamePattern>
            &lt;!&ndash; 日志最大的历史 60天 &ndash;&gt;
            <maxHistory>30</maxHistory>
        </rollingPolicy>
        <encoder>
            <pattern>%d{yyyy-MM-dd HH:mm:ss.SSS} [%thread] %-5level %logger - %msg%n</pattern>
        </encoder>
    </appender>-->




    <!-- INFO级别日志 appender -->
    <appender name="INFO" class="ch.qos.logback.core.rolling.RollingFileAppender">
        <!-- 过滤器，只记录INFO级别的日志 -->
        <filter class="ch.qos.logback.classic.filter.LevelFilter">
            <level>INFO</level>
            <onMatch>ACCEPT</onMatch>
            <onMismatch>DENY</onMismatch>
        </filter>
        <rollingPolicy class="ch.qos.logback.core.rolling.TimeBasedRollingPolicy">
            <!-- 按天回滚 daily -->
            <fileNamePattern>D:/data/logs/%d{yyyy-MM-dd}/info-log.log
            </fileNamePattern>
            <!-- 日志最大的历史 60天 -->
            <maxHistory>30</maxHistory>
        </rollingPolicy>
        <encoder>
            <pattern>%d{yyyy-MM-dd HH:mm:ss.SSS} [%thread] %-5level %logger - %msg%n</pattern>
        </encoder>
    </appender>




    <!-- DEBUG级别日志 appender -->
    <appender name="DEBUG" class="ch.qos.logback.core.rolling.RollingFileAppender">
        <!-- 过滤器，只记录DEBUG级别的日志 -->
        <filter class="ch.qos.logback.classic.filter.LevelFilter">
            <level>DEBUG</level>
            <onMatch>ACCEPT</onMatch>
            <onMismatch>DENY</onMismatch>
        </filter>
        <rollingPolicy class="ch.qos.logback.core.rolling.TimeBasedRollingPolicy">
            <!-- 按天回滚 daily -->
            <fileNamePattern>D:/data/logs/%d{yyyy-MM-dd}/debug-log.log
            </fileNamePattern>
            <!-- 日志最大的历史 60天 -->
            <maxHistory>30</maxHistory>
        </rollingPolicy>
        <encoder>
            <pattern>%d{yyyy-MM-dd HH:mm:ss.SSS} [%thread] %-5level %logger - %msg%n</pattern>
        </encoder>
    </appender>


    <!-- TRACE级别日志 appender -->
    <appender name="TRACE" class="ch.qos.logback.core.rolling.RollingFileAppender">
        <!-- 过滤器，只记录ERROR级别的日志 -->
        <filter class="ch.qos.logback.classic.filter.LevelFilter">
            <level>TRACE</level>
            <onMatch>ACCEPT</onMatch>
            <onMismatch>DENY</onMismatch>
        </filter>
        <rollingPolicy class="ch.qos.logback.core.rolling.TimeBasedRollingPolicy">
            <!-- 按天回滚 daily -->
            <fileNamePattern>D:/data/logs/%d{yyyy-MM-dd}/trace-log.log
            </fileNamePattern>
            <!-- 日志最大的历史 60天 -->
            <maxHistory>30</maxHistory>
        </rollingPolicy>
        <encoder>
            <pattern>%d{yyyy-MM-dd HH:mm:ss.SSS} [%thread] %-5level %logger - %msg%n</pattern>
        </encoder>
    </appender>
    <!--打印日志-->
    <!-- root级别   DEBUG -->
    <root level="DEBUG">
        <appender-ref ref="STDOUT" />
        <appender-ref ref="ERROR" />
        <appender-ref ref="INFO" />
    </root>
    <!--打印日志-->
    <logger name="org.mybatis">
        <level value="TRACE"/>
    </logger>
    <!--定时器-->
    <logger name="org.springframework.scheduling">
        <level value="info" />
    </logger>
</configuration>