<?xml version="1.0" encoding="UTF-8"?>
<!DOCTYPE mapper PUBLIC "-//mybatis.org//DTD Mapper 3.0//EN" "http://mybatis.org/dtd/mybatis-3-mapper.dtd">
<mapper namespace="cn.comshinetechchina.hyjxyl.dao.AdviceDao">
    <select id="selectAdviceList" resultType="cn.comshinetechchina.hyjxyl.domain.AdviceObj" parameterType="java.util.HashMap">
        SELECT a.advice_id AS adviceId,a.content,
        a.create_by AS createBy,DATE_FORMAT(a.create_time,"%Y-%m-%d %H:%i:%s") AS createTime,
        m.name AS memberName
        FROM tbl_advice a
        LEFT JOIN tbl_member_extend m ON a.create_by=m.member_id
        where  1=1
        <if test="startDate!=null and startDate!=''">
            <![CDATA[
           AND DATE_FORMAT(a.create_time,"%Y-%m-%d")>=#{startDate}
           ]]>
        </if>
        <if test="endDate!=null and endDate!=''">
          <![CDATA[
           AND DATE_FORMAT(a.create_time,"%Y-%m-%d")<=#{endDate}
           ]]>
        </if>
        ORDER  by a.create_time desc
        limit #{rowStart}, #{pageSize}
    </select>
    <select id="selectAdviceListCount" resultType="Int" parameterType="java.util.HashMap">
        select   count(1)  from
        tbl_advice
        where  1=1
        <if test="startDate!=null and startDate!=''">
            <![CDATA[
           AND DATE_FORMAT(create_time,"%Y-%m-%d")>=#{startDate}
           ]]>
        </if>
        <if test="endDate!=null and endDate!=''">
            <![CDATA[
           AND DATE_FORMAT(create_time,"%Y-%m-%d")<=#{endDate}
           ]]>
        </if>
    </select>
</mapper>