<?xml version="1.0" encoding="UTF-8"?>
<!DOCTYPE mapper PUBLIC "-//mybatis.org//DTD Mapper 3.0//EN" "http://mybatis.org/dtd/mybatis-3-mapper.dtd">
<mapper namespace="cn.comshinetechchina.hyjxyl.dao.mapper.AreaMapper">
  <resultMap id="BaseResultMap" type="cn.comshinetechchina.hyjxyl.domain.Area">
    <!--
      WARNING - @mbggenerated
      This element is automatically generated by MyBatis Generator, do not modify.
    -->
    <id column="area_id" jdbcType="INTEGER" property="areaId" />
    <result column="area_name" jdbcType="VARCHAR" property="areaName" />
    <result column="city_id" jdbcType="INTEGER" property="cityId" />
  </resultMap>
  <sql id="Base_Column_List">
    <!--
      WARNING - @mbggenerated
      This element is automatically generated by MyBatis Generator, do not modify.
    -->
    area_id, area_name, city_id
  </sql>
  <select id="selectByPrimaryKey" parameterType="java.lang.Integer" resultMap="BaseResultMap">
    <!--
      WARNING - @mbggenerated
      This element is automatically generated by MyBatis Generator, do not modify.
    -->
    select 
    <include refid="Base_Column_List" />
    from tbl_areas
    where area_id = #{areaId,jdbcType=INTEGER}
  </select>
  <delete id="deleteByPrimaryKey" parameterType="java.lang.Integer">
    <!--
      WARNING - @mbggenerated
      This element is automatically generated by MyBatis Generator, do not modify.
    -->
    delete from tbl_areas
    where area_id = #{areaId,jdbcType=INTEGER}
  </delete>
  <insert id="insert" parameterType="cn.comshinetechchina.hyjxyl.domain.Area">
    <!--
      WARNING - @mbggenerated
      This element is automatically generated by MyBatis Generator, do not modify.
    -->
    insert into tbl_areas (area_id, area_name, city_id
      )
    values (#{areaId,jdbcType=INTEGER}, #{areaName,jdbcType=VARCHAR}, #{cityId,jdbcType=INTEGER}
      )
  </insert>
  <insert id="insertSelective" parameterType="cn.comshinetechchina.hyjxyl.domain.Area">
    <!--
      WARNING - @mbggenerated
      This element is automatically generated by MyBatis Generator, do not modify.
    -->
    insert into tbl_areas
    <trim prefix="(" suffix=")" suffixOverrides=",">
      <if test="areaId != null">
        area_id,
      </if>
      <if test="areaName != null">
        area_name,
      </if>
      <if test="cityId != null">
        city_id,
      </if>
    </trim>
    <trim prefix="values (" suffix=")" suffixOverrides=",">
      <if test="areaId != null">
        #{areaId,jdbcType=INTEGER},
      </if>
      <if test="areaName != null">
        #{areaName,jdbcType=VARCHAR},
      </if>
      <if test="cityId != null">
        #{cityId,jdbcType=INTEGER},
      </if>
    </trim>
  </insert>
  <update id="updateByPrimaryKeySelective" parameterType="cn.comshinetechchina.hyjxyl.domain.Area">
    <!--
      WARNING - @mbggenerated
      This element is automatically generated by MyBatis Generator, do not modify.
    -->
    update tbl_areas
    <set>
      <if test="areaName != null">
        area_name = #{areaName,jdbcType=VARCHAR},
      </if>
      <if test="cityId != null">
        city_id = #{cityId,jdbcType=INTEGER},
      </if>
    </set>
    where area_id = #{areaId,jdbcType=INTEGER}
  </update>
  <update id="updateByPrimaryKey" parameterType="cn.comshinetechchina.hyjxyl.domain.Area">
    <!--
      WARNING - @mbggenerated
      This element is automatically generated by MyBatis Generator, do not modify.
    -->
    update tbl_areas
    set area_name = #{areaName,jdbcType=VARCHAR},
      city_id = #{cityId,jdbcType=INTEGER}
    where area_id = #{areaId,jdbcType=INTEGER}
  </update>
</mapper>