<?xml version="1.0" encoding="UTF-8"?>
<!DOCTYPE mapper PUBLIC "-//mybatis.org//DTD Mapper 3.0//EN" "http://mybatis.org/dtd/mybatis-3-mapper.dtd">
<mapper namespace="cn.comshinetechchina.hyjxyl.dao.mapper.ArticleMapper">
  <resultMap id="BaseResultMap" type="cn.comshinetechchina.hyjxyl.domain.Article">
    <!--
      WARNING - @mbggenerated
      This element is automatically generated by MyBatis Generator, do not modify.
    -->
    <id column="article_id" jdbcType="VARCHAR" property="articleId" />
    <result column="tenant_id" jdbcType="VARCHAR" property="tenantId" />
    <result column="type_id" jdbcType="VARCHAR" property="typeId" />
    <result column="title" jdbcType="VARCHAR" property="title" />
    <result column="digest" jdbcType="VARCHAR" property="digest" />
    <result column="column_id" jdbcType="VARCHAR" property="columnId" />
    <result column="articlescol" jdbcType="INTEGER" property="articlescol" />
    <result column="favour" jdbcType="INTEGER" property="favour" />
    <result column="activity_start_time" jdbcType="TIMESTAMP" property="activityStartTime" />
    <result column="activity_end_time" jdbcType="TIMESTAMP" property="activityEndTime" />
    <result column="activity_place" jdbcType="VARCHAR" property="activityPlace" />
    <result column="available" jdbcType="INTEGER" property="available" />
    <result column="create_by" jdbcType="VARCHAR" property="createBy" />
    <result column="created_date" jdbcType="TIMESTAMP" property="createdDate" />
    <result column="last_updated_date" jdbcType="TIMESTAMP" property="lastUpdatedDate" />
    <result column="last_update_by" jdbcType="VARCHAR" property="lastUpdateBy" />
    <result column="comment_count" jdbcType="INTEGER" property="commentCount" />
    <result column="order_no" jdbcType="INTEGER" property="orderNo" />
  </resultMap>
  <resultMap extends="BaseResultMap" id="ResultMapWithBLOBs" type="cn.comshinetechchina.hyjxyl.domain.Article">
    <!--
      WARNING - @mbggenerated
      This element is automatically generated by MyBatis Generator, do not modify.
    -->
    <result column="content" jdbcType="LONGVARCHAR" property="content" />
  </resultMap>
  <sql id="Base_Column_List">
    <!--
      WARNING - @mbggenerated
      This element is automatically generated by MyBatis Generator, do not modify.
    -->
    article_id, tenant_id, type_id, title, digest, column_id, articlescol, favour, activity_start_time, 
    activity_end_time, activity_place, available, create_by, created_date, last_updated_date, 
    last_update_by, comment_count, order_no
  </sql>
  <sql id="Blob_Column_List">
    <!--
      WARNING - @mbggenerated
      This element is automatically generated by MyBatis Generator, do not modify.
    -->
    content
  </sql>
  <select id="selectByPrimaryKey" parameterType="java.lang.String" resultMap="ResultMapWithBLOBs">
    <!--
      WARNING - @mbggenerated
      This element is automatically generated by MyBatis Generator, do not modify.
    -->
    select 
    <include refid="Base_Column_List" />
    ,
    <include refid="Blob_Column_List" />
    from tbl_articles
    where article_id = #{articleId,jdbcType=VARCHAR}
  </select>
  <delete id="deleteByPrimaryKey" parameterType="java.lang.String">
    <!--
      WARNING - @mbggenerated
      This element is automatically generated by MyBatis Generator, do not modify.
    -->
    delete from tbl_articles
    where article_id = #{articleId,jdbcType=VARCHAR}
  </delete>
  <insert id="insert" parameterType="cn.comshinetechchina.hyjxyl.domain.Article">
    <!--
      WARNING - @mbggenerated
      This element is automatically generated by MyBatis Generator, do not modify.
    -->
    insert into tbl_articles (article_id, tenant_id, type_id, 
      title, digest, column_id, 
      articlescol, favour, activity_start_time, 
      activity_end_time, activity_place, available, 
      create_by, created_date, last_updated_date, 
      last_update_by, comment_count, order_no, 
      content)
    values (#{articleId,jdbcType=VARCHAR}, #{tenantId,jdbcType=VARCHAR}, #{typeId,jdbcType=VARCHAR}, 
      #{title,jdbcType=VARCHAR}, #{digest,jdbcType=VARCHAR}, #{columnId,jdbcType=VARCHAR}, 
      #{articlescol,jdbcType=INTEGER}, #{favour,jdbcType=INTEGER}, #{activityStartTime,jdbcType=TIMESTAMP}, 
      #{activityEndTime,jdbcType=TIMESTAMP}, #{activityPlace,jdbcType=VARCHAR}, #{available,jdbcType=INTEGER}, 
      #{createBy,jdbcType=VARCHAR}, #{createdDate,jdbcType=TIMESTAMP}, #{lastUpdatedDate,jdbcType=TIMESTAMP}, 
      #{lastUpdateBy,jdbcType=VARCHAR}, #{commentCount,jdbcType=INTEGER}, #{orderNo,jdbcType=INTEGER}, 
      #{content,jdbcType=LONGVARCHAR})
  </insert>
  <insert id="insertSelective" parameterType="cn.comshinetechchina.hyjxyl.domain.Article">
    <!--
      WARNING - @mbggenerated
      This element is automatically generated by MyBatis Generator, do not modify.
    -->
    insert into tbl_articles
    <trim prefix="(" suffix=")" suffixOverrides=",">
      <if test="articleId != null">
        article_id,
      </if>
      <if test="tenantId != null">
        tenant_id,
      </if>
      <if test="typeId != null">
        type_id,
      </if>
      <if test="title != null">
        title,
      </if>
      <if test="digest != null">
        digest,
      </if>
      <if test="columnId != null">
        column_id,
      </if>
      <if test="articlescol != null">
        articlescol,
      </if>
      <if test="favour != null">
        favour,
      </if>
      <if test="activityStartTime != null">
        activity_start_time,
      </if>
      <if test="activityEndTime != null">
        activity_end_time,
      </if>
      <if test="activityPlace != null">
        activity_place,
      </if>
      <if test="available != null">
        available,
      </if>
      <if test="createBy != null">
        create_by,
      </if>
      <if test="createdDate != null">
        created_date,
      </if>
      <if test="lastUpdatedDate != null">
        last_updated_date,
      </if>
      <if test="lastUpdateBy != null">
        last_update_by,
      </if>
      <if test="commentCount != null">
        comment_count,
      </if>
      <if test="orderNo != null">
        order_no,
      </if>
      <if test="content != null">
        content,
      </if>
    </trim>
    <trim prefix="values (" suffix=")" suffixOverrides=",">
      <if test="articleId != null">
        #{articleId,jdbcType=VARCHAR},
      </if>
      <if test="tenantId != null">
        #{tenantId,jdbcType=VARCHAR},
      </if>
      <if test="typeId != null">
        #{typeId,jdbcType=VARCHAR},
      </if>
      <if test="title != null">
        #{title,jdbcType=VARCHAR},
      </if>
      <if test="digest != null">
        #{digest,jdbcType=VARCHAR},
      </if>
      <if test="columnId != null">
        #{columnId,jdbcType=VARCHAR},
      </if>
      <if test="articlescol != null">
        #{articlescol,jdbcType=INTEGER},
      </if>
      <if test="favour != null">
        #{favour,jdbcType=INTEGER},
      </if>
      <if test="activityStartTime != null">
        #{activityStartTime,jdbcType=TIMESTAMP},
      </if>
      <if test="activityEndTime != null">
        #{activityEndTime,jdbcType=TIMESTAMP},
      </if>
      <if test="activityPlace != null">
        #{activityPlace,jdbcType=VARCHAR},
      </if>
      <if test="available != null">
        #{available,jdbcType=INTEGER},
      </if>
      <if test="createBy != null">
        #{createBy,jdbcType=VARCHAR},
      </if>
      <if test="createdDate != null">
        #{createdDate,jdbcType=TIMESTAMP},
      </if>
      <if test="lastUpdatedDate != null">
        #{lastUpdatedDate,jdbcType=TIMESTAMP},
      </if>
      <if test="lastUpdateBy != null">
        #{lastUpdateBy,jdbcType=VARCHAR},
      </if>
      <if test="commentCount != null">
        #{commentCount,jdbcType=INTEGER},
      </if>
      <if test="orderNo != null">
        #{orderNo,jdbcType=INTEGER},
      </if>
      <if test="content != null">
        #{content,jdbcType=LONGVARCHAR},
      </if>
    </trim>
  </insert>
  <update id="updateByPrimaryKeySelective" parameterType="cn.comshinetechchina.hyjxyl.domain.Article">
    <!--
      WARNING - @mbggenerated
      This element is automatically generated by MyBatis Generator, do not modify.
    -->
    update tbl_articles
    <set>
      <if test="tenantId != null">
        tenant_id = #{tenantId,jdbcType=VARCHAR},
      </if>
      <if test="typeId != null">
        type_id = #{typeId,jdbcType=VARCHAR},
      </if>
      <if test="title != null">
        title = #{title,jdbcType=VARCHAR},
      </if>
      <if test="digest != null">
        digest = #{digest,jdbcType=VARCHAR},
      </if>
      <if test="columnId != null">
        column_id = #{columnId,jdbcType=VARCHAR},
      </if>
      <if test="articlescol != null">
        articlescol = #{articlescol,jdbcType=INTEGER},
      </if>
      <if test="favour != null">
        favour = #{favour,jdbcType=INTEGER},
      </if>
      <if test="activityStartTime != null">
        activity_start_time = #{activityStartTime,jdbcType=TIMESTAMP},
      </if>
      <if test="activityEndTime != null">
        activity_end_time = #{activityEndTime,jdbcType=TIMESTAMP},
      </if>
      <if test="activityPlace != null">
        activity_place = #{activityPlace,jdbcType=VARCHAR},
      </if>
      <if test="available != null">
        available = #{available,jdbcType=INTEGER},
      </if>
      <if test="createBy != null">
        create_by = #{createBy,jdbcType=VARCHAR},
      </if>
      <if test="createdDate != null">
        created_date = #{createdDate,jdbcType=TIMESTAMP},
      </if>
      <if test="lastUpdatedDate != null">
        last_updated_date = #{lastUpdatedDate,jdbcType=TIMESTAMP},
      </if>
      <if test="lastUpdateBy != null">
        last_update_by = #{lastUpdateBy,jdbcType=VARCHAR},
      </if>
      <if test="commentCount != null">
        comment_count = #{commentCount,jdbcType=INTEGER},
      </if>
      <if test="orderNo != null">
        order_no = #{orderNo,jdbcType=INTEGER},
      </if>
      <if test="content != null">
        content = #{content,jdbcType=LONGVARCHAR},
      </if>
    </set>
    where article_id = #{articleId,jdbcType=VARCHAR}
  </update>
  <update id="updateByPrimaryKeyWithBLOBs" parameterType="cn.comshinetechchina.hyjxyl.domain.Article">
    <!--
      WARNING - @mbggenerated
      This element is automatically generated by MyBatis Generator, do not modify.
    -->
    update tbl_articles
    set tenant_id = #{tenantId,jdbcType=VARCHAR},
      type_id = #{typeId,jdbcType=VARCHAR},
      title = #{title,jdbcType=VARCHAR},
      digest = #{digest,jdbcType=VARCHAR},
      column_id = #{columnId,jdbcType=VARCHAR},
      articlescol = #{articlescol,jdbcType=INTEGER},
      favour = #{favour,jdbcType=INTEGER},
      activity_start_time = #{activityStartTime,jdbcType=TIMESTAMP},
      activity_end_time = #{activityEndTime,jdbcType=TIMESTAMP},
      activity_place = #{activityPlace,jdbcType=VARCHAR},
      available = #{available,jdbcType=INTEGER},
      create_by = #{createBy,jdbcType=VARCHAR},
      created_date = #{createdDate,jdbcType=TIMESTAMP},
      last_updated_date = #{lastUpdatedDate,jdbcType=TIMESTAMP},
      last_update_by = #{lastUpdateBy,jdbcType=VARCHAR},
      comment_count = #{commentCount,jdbcType=INTEGER},
      order_no = #{orderNo,jdbcType=INTEGER},
      content = #{content,jdbcType=LONGVARCHAR}
    where article_id = #{articleId,jdbcType=VARCHAR}
  </update>
  <update id="updateByPrimaryKey" parameterType="cn.comshinetechchina.hyjxyl.domain.Article">
    <!--
      WARNING - @mbggenerated
      This element is automatically generated by MyBatis Generator, do not modify.
    -->
    update tbl_articles
    set tenant_id = #{tenantId,jdbcType=VARCHAR},
      type_id = #{typeId,jdbcType=VARCHAR},
      title = #{title,jdbcType=VARCHAR},
      digest = #{digest,jdbcType=VARCHAR},
      column_id = #{columnId,jdbcType=VARCHAR},
      articlescol = #{articlescol,jdbcType=INTEGER},
      favour = #{favour,jdbcType=INTEGER},
      activity_start_time = #{activityStartTime,jdbcType=TIMESTAMP},
      activity_end_time = #{activityEndTime,jdbcType=TIMESTAMP},
      activity_place = #{activityPlace,jdbcType=VARCHAR},
      available = #{available,jdbcType=INTEGER},
      create_by = #{createBy,jdbcType=VARCHAR},
      created_date = #{createdDate,jdbcType=TIMESTAMP},
      last_updated_date = #{lastUpdatedDate,jdbcType=TIMESTAMP},
      last_update_by = #{lastUpdateBy,jdbcType=VARCHAR},
      comment_count = #{commentCount,jdbcType=INTEGER},
      order_no = #{orderNo,jdbcType=INTEGER}
    where article_id = #{articleId,jdbcType=VARCHAR}
  </update>
</mapper>