<?xml version="1.0" encoding="UTF-8"?>
<!DOCTYPE mapper PUBLIC "-//mybatis.org//DTD Mapper 3.0//EN" "http://mybatis.org/dtd/mybatis-3-mapper.dtd">
<mapper namespace="cn.comshinetechchina.hyjxyl.dao.ArticleDao">

    <select id="selectArticleList" parameterType="java.util.HashMap" resultType="cn.comshinetechchina.hyjxyl.domain.ArticleObj">
     select
        t.article_id AS articleId,t.tenant_id AS articleId,t.type_Id AS typeId,t.comment_count as commentCount,
        t.title,t.digest,t.content,t.column_Id AS columnId,t.articlescol,
        t.favour,DATE_FORMAT(t.activity_Start_Time,"%Y-%m-%d %H:%i:%s") AS activityStartTime,
        DATE_FORMAT(t.activity_End_Time,"%Y-%m-%d %H:%i:%s") AS activityEndTime,t.activity_Place AS activityPlace,
        t.available,t.create_By AS createBy,
        DATE_FORMAT(t.created_Date,"%Y-%m-%d %H:%i:%s") AS createdDate,
        DATE_FORMAT(t.last_Updated_Date,"%Y-%m-%d %H:%i:%s") AS lastUpdatedDate,
        t.last_Update_By AS lastUpdateBy,
        c.column_Name AS columnName,
        t.order_no as orderNo
        FROM tbl_articles t
        LEFT JOIN tbl_columns c ON t.column_Id=c.column_id
        where  1=1
        <if test="tenantId!=null and tenantId!=''" >
          and  t.tenant_id=#{tenantId}
        </if>
        <if test="typeId!=null and typeId!=''" >
            <if test="typeId=='05'">
                 and t.type_id in ('03','04')
            </if>
            <if test="typeId!='05'">
                and  t.type_id=#{typeId}
            </if>
        </if>
        <if test="columnId!=null and columnId!=''" >
            and  t.column_id=#{columnId}
        </if>
        <if test="startTime!=null and startTime!=''" >
            <![CDATA[
            AND DATE_FORMAT(t.activity_start_time,"%Y-%m-%d")>=#{startTime}
           ]]>
        </if>
        <if test="endTime!=null and endTime!=''" >
            <![CDATA[
            AND DATE_FORMAT(t.activity_end_time,"%Y-%m-%d")<=#{endTime}
           ]]>
        </if>
        <if test="available!=null and available!=''" >
            and  t.available=#{available}
        </if>
        <if test="title!=null and title!=''" >
            and   t.title like CONCAT('%',#{title},'%')
        </if>
        ORDER  BY IF(ISNULL(t.order_no),1,0),t.order_no,
        t.created_date ASC
        limit #{rowStart}, #{pageSize}
    </select>
    <select id="selectArticleListCount" resultType="int" parameterType="java.util.HashMap">
        select  count(1) from
        tbl_articles
        where  1=1
        <if test="tenantId!=null and tenantId!=''" >
            and  tenant_id=#{tenantId}
        </if>
        <if test="typeId!=null and typeId!=''" >
            <if test="typeId=='05'">
                and type_id in ('03','04')
            </if>
            <if test="typeId!='05'">
                and  type_id=#{typeId}
            </if>
        </if>
        <if test="columnId!=null and columnId!=''" >
            and  column_id=#{columnId}
        </if>
        <if test="startTime!=null and startTime!=''" >
            <![CDATA[
            AND DATE_FORMAT(activity_start_time,"%Y-%m-%d")>=#{startTime}
           ]]>
        </if>
        <if test="endTime!=null and endTime!=''" >
            <![CDATA[
            AND DATE_FORMAT(activity_end_time,"%Y-%m-%d")<=#{endTime}
           ]]>
        </if>
        <if test="available!=null and available!=''" >
            and  available=#{available}
        </if>
        <if test="title!=null and title!=''" >
            and   title like CONCAT('%',#{title},'%')
        </if>
    </select>
    <update id="updateArticleArticleScol" parameterType="java.util.ArrayList">
        UPDATE tbl_articles SET articlescol =articlescol+1 WHERE article_id in
        <foreach collection="list" item="articleId" index="index"
                 open="(" close=")" separator=",">
            #{articleId}
        </foreach>
    </update>

    <select id="selectRandom5Articles"  resultType="cn.comshinetechchina.hyjxyl.domain.ArticleObj">
    SELECT
    t1.`article_id` AS articleId,t1.`type_id` AS typeId,t1.title,t1.comment_count AS commentCount,t1.`favour`,t1.`articlescol`
    FROM `tbl_articles`  AS t1 JOIN (SELECT ROUND(RAND() * (SELECT MAX(article_id) FROM `tbl_articles`)) AS id) AS t2 WHERE t1.article_id >= t2.id
    AND t1.`type_id` IN ('01','02')
    AND t1.`available`=1
    ORDER BY t1.article_id ASC LIMIT 4
    </select>
    <select id="selectOneByOrderNo" parameterType="cn.comshinetechchina.hyjxyl.domain.Article" resultType="java.util.HashMap">
      select * from tbl_articles where 1=1
      <if test="typeId!=null and typeId!=''">
          <if test="typeId=='01' or typeId=='02'">
              and type_id=#{typeId}
          </if>
          <if test="typeId=='03' or typeId=='04'">
              and type_id in ('03','04')
          </if>
      </if>
      <if test="orderNo!=null">
       and order_no=#{orderNo}
      </if>
        limit 1
    </select>
</mapper>