<?xml version="1.0" encoding="UTF-8"?>
<!DOCTYPE mapper PUBLIC "-//mybatis.org//DTD Mapper 3.0//EN" "http://mybatis.org/dtd/mybatis-3-mapper.dtd">
<mapper namespace="cn.comshinetechchina.hyjxyl.dao.CardUseRecordDao">
    <select id="selectRecordList" resultType="cn.comshinetechchina.hyjxyl.domain.CardUseRecordObj" parameterType="java.util.HashMap">
        SELECT
        r.record_id AS recordId,r.device_no AS deviceNo,r.card_no AS cardNo,
        DATE_FORMAT(r.swipe_date,"%Y-%m-%d %H:%i:%s") AS swipeDate,
        r.left_number AS leftNumber,r.create_by AS createBy,
        DATE_FORMAT(r.create_time,"%Y-%m-%d %H:%i:%s") AS createTime,
        d.name AS deviceName,
        s.name AS serviceName,
        s.service_id AS serviceId,
        s.type AS serviceType
        FROM tbl_card_use_record r
        LEFT JOIN tbl_devices d ON r.device_no=d.device_no
        LEFT JOIN tbl_services s ON d.service_id=s.service_id
        LEFT JOIN tbl_cards  c ON r.card_no=c.card_no
        LEFT JOIN tbl_members m ON c.card_id=m.card_id
        where  1=1
        <if test="memberId!=null and memberId !=''">
            AND r.`card_no` IN (SELECT card_no FROM tbl_card_change_record WHERE member_id=#{memberId})
        </if>
        <if test="cardNo!=null and cardNo !=''">
            and r.card_no= #{cardNo}
        </if>
        <if  test="deviceNo!=null and deviceNo!=''">
            and r.device_no= #{deviceNo}
        </if>
        <if test="startDate!=null and startDate!=''">
            <![CDATA[
           AND DATE_FORMAT(r.swipe_date,"%Y-%m-%d")>=#{startDate}
           ]]>
        </if>
        <if test="endDate!=null and endDate!=''">
            <![CDATA[
           AND DATE_FORMAT(r.swipe_date,"%Y-%m-%d")<=#{endDate}
           ]]>
        </if>
        ORDER  by r.create_time DESC
        limit #{rowStart}, #{pageSize}
    </select>
    <select id="selectRecordListCount" resultType="Int" parameterType="java.util.HashMap">
        SELECT
        count(1)
        FROM tbl_card_use_record r
        LEFT JOIN tbl_devices d ON r.device_no=d.device_no
        LEFT JOIN tbl_services s ON d.service_id=s.service_id
        LEFT JOIN tbl_cards  c ON r.card_no=c.card_no
        LEFT JOIN tbl_members m ON c.card_id=m.card_id
        where  1=1
        <if test="memberId!=null and memberId !=''">
            AND r.`card_no` IN (SELECT card_no FROM tbl_card_change_record WHERE member_id=#{memberId})
        </if>
        <if test="cardNo!=null and cardNo !=''">
            and r.card_no= #{cardNo}
        </if>
        <if  test="deviceNo!=null and deviceNo!=''">
            and r.device_no= #{deviceNo}
        </if>
        <if test="startDate!=null and startDate!=''">
            <![CDATA[
           AND DATE_FORMAT(r.swipe_date,"%Y-%m-%d")>=#{startDate}
           ]]>
        </if>
        <if test="endDate!=null and endDate!=''">
            <![CDATA[
           AND DATE_FORMAT(r.swipe_date,"%Y-%m-%d")<=#{endDate}
           ]]>
        </if>
    </select>

    <select id="countCardUseRecord" resultType="cn.comshinetechchina.hyjxyl.domain.CardUseRecordCountObj" parameterType="java.util.HashMap">
        SELECT
        s.service_id AS serviceId,s.name AS serviceName,COUNT(1) AS COUNT
        FROM tbl_card_use_record r
        LEFT JOIN tbl_devices d ON r.device_no=d.device_no
        LEFT JOIN tbl_services s ON d.service_id=s.service_id
        LEFT JOIN tbl_cards  c ON r.card_no=c.card_no
        LEFT JOIN tbl_members m ON c.card_id=m.card_id
        where  1=1
        <if test="memberId!=null and memberId !=''">
            and m.member_id= #{memberId}
        </if>
        <if test="startDate!=null and startDate!=''">
            <![CDATA[
           AND DATE_FORMAT(r.swipe_date,"%Y-%m-%d")>=#{startDate}
           ]]>
        </if>
        <if test="endDate!=null and endDate!=''">
            <![CDATA[
           AND DATE_FORMAT(r.swipe_date,"%Y-%m-%d")<=#{endDate}
           ]]>
        </if>
         GROUP BY s.name,s.service_id
    </select>
</mapper>