<?xml version="1.0" encoding="UTF-8"?>
<!DOCTYPE mapper PUBLIC "-//mybatis.org//DTD Mapper 3.0//EN" "http://mybatis.org/dtd/mybatis-3-mapper.dtd">
<mapper namespace="cn.comshinetechchina.hyjxyl.dao.mapper.CardTypeServiceMapper">
  <resultMap id="BaseResultMap" type="cn.comshinetechchina.hyjxyl.domain.CardTypeService">
    <!--
      WARNING - @mbggenerated
      This element is automatically generated by MyBatis Generator, do not modify.
    -->
    <id column="card_type_service_id" jdbcType="VARCHAR" property="cardTypeServiceId" />
    <result column="card_type_id" jdbcType="VARCHAR" property="cardTypeId" />
    <result column="service_id" jdbcType="VARCHAR" property="serviceId" />
    <result column="total_count" jdbcType="INTEGER" property="totalCount" />
    <result column="unit" jdbcType="VARCHAR" property="unit" />
    <result column="create_time" jdbcType="TIMESTAMP" property="createTime" />
    <result column="create_by" jdbcType="VARCHAR" property="createBy" />
  </resultMap>
  <sql id="Base_Column_List">
    <!--
      WARNING - @mbggenerated
      This element is automatically generated by MyBatis Generator, do not modify.
    -->
    card_type_service_id, card_type_id, service_id, total_count, unit, create_time, create_by
  </sql>
  <select id="selectByPrimaryKey" parameterType="java.lang.String" resultMap="BaseResultMap">
    <!--
      WARNING - @mbggenerated
      This element is automatically generated by MyBatis Generator, do not modify.
    -->
    select 
    <include refid="Base_Column_List" />
    from tbl_card_type_services
    where card_type_service_id = #{cardTypeServiceId,jdbcType=VARCHAR}
  </select>
  <delete id="deleteByPrimaryKey" parameterType="java.lang.String">
    <!--
      WARNING - @mbggenerated
      This element is automatically generated by MyBatis Generator, do not modify.
    -->
    delete from tbl_card_type_services
    where card_type_service_id = #{cardTypeServiceId,jdbcType=VARCHAR}
  </delete>
  <insert id="insert" parameterType="cn.comshinetechchina.hyjxyl.domain.CardTypeService">
    <!--
      WARNING - @mbggenerated
      This element is automatically generated by MyBatis Generator, do not modify.
    -->
    insert into tbl_card_type_services (card_type_service_id, card_type_id, service_id, 
      total_count, unit, create_time, 
      create_by)
    values (#{cardTypeServiceId,jdbcType=VARCHAR}, #{cardTypeId,jdbcType=VARCHAR}, #{serviceId,jdbcType=VARCHAR}, 
      #{totalCount,jdbcType=INTEGER}, #{unit,jdbcType=VARCHAR}, #{createTime,jdbcType=TIMESTAMP}, 
      #{createBy,jdbcType=VARCHAR})
  </insert>
  <insert id="insertSelective" parameterType="cn.comshinetechchina.hyjxyl.domain.CardTypeService">
    <!--
      WARNING - @mbggenerated
      This element is automatically generated by MyBatis Generator, do not modify.
    -->
    insert into tbl_card_type_services
    <trim prefix="(" suffix=")" suffixOverrides=",">
      <if test="cardTypeServiceId != null">
        card_type_service_id,
      </if>
      <if test="cardTypeId != null">
        card_type_id,
      </if>
      <if test="serviceId != null">
        service_id,
      </if>
      <if test="totalCount != null">
        total_count,
      </if>
      <if test="unit != null">
        unit,
      </if>
      <if test="createTime != null">
        create_time,
      </if>
      <if test="createBy != null">
        create_by,
      </if>
    </trim>
    <trim prefix="values (" suffix=")" suffixOverrides=",">
      <if test="cardTypeServiceId != null">
        #{cardTypeServiceId,jdbcType=VARCHAR},
      </if>
      <if test="cardTypeId != null">
        #{cardTypeId,jdbcType=VARCHAR},
      </if>
      <if test="serviceId != null">
        #{serviceId,jdbcType=VARCHAR},
      </if>
      <if test="totalCount != null">
        #{totalCount,jdbcType=INTEGER},
      </if>
      <if test="unit != null">
        #{unit,jdbcType=VARCHAR},
      </if>
      <if test="createTime != null">
        #{createTime,jdbcType=TIMESTAMP},
      </if>
      <if test="createBy != null">
        #{createBy,jdbcType=VARCHAR},
      </if>
    </trim>
  </insert>
  <update id="updateByPrimaryKeySelective" parameterType="cn.comshinetechchina.hyjxyl.domain.CardTypeService">
    <!--
      WARNING - @mbggenerated
      This element is automatically generated by MyBatis Generator, do not modify.
    -->
    update tbl_card_type_services
    <set>
      <if test="cardTypeId != null">
        card_type_id = #{cardTypeId,jdbcType=VARCHAR},
      </if>
      <if test="serviceId != null">
        service_id = #{serviceId,jdbcType=VARCHAR},
      </if>
      <if test="totalCount != null">
        total_count = #{totalCount,jdbcType=INTEGER},
      </if>
      <if test="unit != null">
        unit = #{unit,jdbcType=VARCHAR},
      </if>
      <if test="createTime != null">
        create_time = #{createTime,jdbcType=TIMESTAMP},
      </if>
      <if test="createBy != null">
        create_by = #{createBy,jdbcType=VARCHAR},
      </if>
    </set>
    where card_type_service_id = #{cardTypeServiceId,jdbcType=VARCHAR}
  </update>
  <update id="updateByPrimaryKey" parameterType="cn.comshinetechchina.hyjxyl.domain.CardTypeService">
    <!--
      WARNING - @mbggenerated
      This element is automatically generated by MyBatis Generator, do not modify.
    -->
    update tbl_card_type_services
    set card_type_id = #{cardTypeId,jdbcType=VARCHAR},
      service_id = #{serviceId,jdbcType=VARCHAR},
      total_count = #{totalCount,jdbcType=INTEGER},
      unit = #{unit,jdbcType=VARCHAR},
      create_time = #{createTime,jdbcType=TIMESTAMP},
      create_by = #{createBy,jdbcType=VARCHAR}
    where card_type_service_id = #{cardTypeServiceId,jdbcType=VARCHAR}
  </update>
</mapper>