<?xml version="1.0" encoding="UTF-8"?>
<!DOCTYPE mapper PUBLIC "-//mybatis.org//DTD Mapper 3.0//EN" "http://mybatis.org/dtd/mybatis-3-mapper.dtd">
<mapper namespace="cn.comshinetechchina.hyjxyl.dao.CardTypeDao">
    <resultMap id="BaseResultMap" type="cn.comshinetechchina.hyjxyl.domain.CardType">
        <!--
          WARNING - @mbggenerated
          This element is automatically generated by MyBatis Generator, do not modify.
        -->
        <id column="card_type_id" jdbcType="VARCHAR" property="cardTypeId" />
        <result column="name" jdbcType="VARCHAR" property="name" />
        <result column="description" jdbcType="VARCHAR" property="description" />
        <result column="available" jdbcType="INTEGER" property="available" />
        <result column="created_date" jdbcType="TIMESTAMP" property="createdDate" />
        <result column="updated_date" jdbcType="TIMESTAMP" property="updatedDate" />
        <result column="createDate" jdbcType="VARCHAR" property="createDate" />
    </resultMap>
    <select id="selectAllCardTypes" resultMap="BaseResultMap" parameterType="java.util.HashMap">
        select
        t.*,DATE_FORMAT(t.created_date,"%Y-%m-%d %H:%i:%s") AS createDate
        from
        tbl_card_types t
        where 1=1
        <if test="name!=null and name!=''" >
            and  t.name=#{name}
        </if>
        <if test="available!=null and available!=''" >
            and  t.available=#{available}
        </if>
        <if test="cardTypeId!=null and cardTypeId!=''" >
            and  t.card_type_id=#{cardTypeId}
        </if>
        ORDER  by t.created_date asc
    </select>
</mapper>