<?xml version="1.0" encoding="UTF-8"?>
<!DOCTYPE mapper PUBLIC "-//mybatis.org//DTD Mapper 3.0//EN" "http://mybatis.org/dtd/mybatis-3-mapper.dtd">
<mapper namespace="cn.comshinetechchina.hyjxyl.dao.mapper.CardLeftNumberMapper">
  <resultMap id="BaseResultMap" type="cn.comshinetechchina.hyjxyl.domain.CardLeftNumber">
    <!--
      WARNING - @mbggenerated
      This element is automatically generated by MyBatis Generator, do not modify.
    -->
    <id column="card_no" jdbcType="VARCHAR" property="cardNo" />
    <id column="service_id" jdbcType="VARCHAR" property="serviceId" />
    <result column="total_number" jdbcType="INTEGER" property="totalNumber" />
    <result column="left_number" jdbcType="INTEGER" property="leftNumber" />
    <result column="start_date" jdbcType="TIMESTAMP" property="startDate" />
    <result column="end_date" jdbcType="TIMESTAMP" property="endDate" />
    <result column="available" jdbcType="INTEGER" property="available" />
    <result column="create_date" jdbcType="TIMESTAMP" property="createDate" />
    <result column="last_update_date" jdbcType="TIMESTAMP" property="lastUpdateDate" />
  </resultMap>
  <sql id="Base_Column_List">
    <!--
      WARNING - @mbggenerated
      This element is automatically generated by MyBatis Generator, do not modify.
    -->
    card_no, service_id, total_number, left_number, start_date, end_date, available, 
    create_date, last_update_date
  </sql>
  <select id="selectByPrimaryKey" parameterType="cn.comshinetechchina.hyjxyl.domain.CardLeftNumberKey" resultMap="BaseResultMap">
    <!--
      WARNING - @mbggenerated
      This element is automatically generated by MyBatis Generator, do not modify.
    -->
    select 
    <include refid="Base_Column_List" />
    from tbl_card_left_number
    where card_no = #{cardNo,jdbcType=VARCHAR}
      and service_id = #{serviceId,jdbcType=VARCHAR}
  </select>
  <delete id="deleteByPrimaryKey" parameterType="cn.comshinetechchina.hyjxyl.domain.CardLeftNumberKey">
    <!--
      WARNING - @mbggenerated
      This element is automatically generated by MyBatis Generator, do not modify.
    -->
    delete from tbl_card_left_number
    where card_no = #{cardNo,jdbcType=VARCHAR}
      and service_id = #{serviceId,jdbcType=VARCHAR}
  </delete>
  <insert id="insert" parameterType="cn.comshinetechchina.hyjxyl.domain.CardLeftNumber">
    <!--
      WARNING - @mbggenerated
      This element is automatically generated by MyBatis Generator, do not modify.
    -->
    insert into tbl_card_left_number (card_no, service_id, total_number, 
      left_number, start_date, end_date, 
      available, create_date, last_update_date
      )
    values (#{cardNo,jdbcType=VARCHAR}, #{serviceId,jdbcType=VARCHAR}, #{totalNumber,jdbcType=INTEGER}, 
      #{leftNumber,jdbcType=INTEGER}, #{startDate,jdbcType=TIMESTAMP}, #{endDate,jdbcType=TIMESTAMP}, 
      #{available,jdbcType=INTEGER}, #{createDate,jdbcType=TIMESTAMP}, #{lastUpdateDate,jdbcType=TIMESTAMP}
      )
  </insert>
  <insert id="insertSelective" parameterType="cn.comshinetechchina.hyjxyl.domain.CardLeftNumber">
    <!--
      WARNING - @mbggenerated
      This element is automatically generated by MyBatis Generator, do not modify.
    -->
    insert into tbl_card_left_number
    <trim prefix="(" suffix=")" suffixOverrides=",">
      <if test="cardNo != null">
        card_no,
      </if>
      <if test="serviceId != null">
        service_id,
      </if>
      <if test="totalNumber != null">
        total_number,
      </if>
      <if test="leftNumber != null">
        left_number,
      </if>
      <if test="startDate != null">
        start_date,
      </if>
      <if test="endDate != null">
        end_date,
      </if>
      <if test="available != null">
        available,
      </if>
      <if test="createDate != null">
        create_date,
      </if>
      <if test="lastUpdateDate != null">
        last_update_date,
      </if>
    </trim>
    <trim prefix="values (" suffix=")" suffixOverrides=",">
      <if test="cardNo != null">
        #{cardNo,jdbcType=VARCHAR},
      </if>
      <if test="serviceId != null">
        #{serviceId,jdbcType=VARCHAR},
      </if>
      <if test="totalNumber != null">
        #{totalNumber,jdbcType=INTEGER},
      </if>
      <if test="leftNumber != null">
        #{leftNumber,jdbcType=INTEGER},
      </if>
      <if test="startDate != null">
        #{startDate,jdbcType=TIMESTAMP},
      </if>
      <if test="endDate != null">
        #{endDate,jdbcType=TIMESTAMP},
      </if>
      <if test="available != null">
        #{available,jdbcType=INTEGER},
      </if>
      <if test="createDate != null">
        #{createDate,jdbcType=TIMESTAMP},
      </if>
      <if test="lastUpdateDate != null">
        #{lastUpdateDate,jdbcType=TIMESTAMP},
      </if>
    </trim>
  </insert>
  <update id="updateByPrimaryKeySelective" parameterType="cn.comshinetechchina.hyjxyl.domain.CardLeftNumber">
    <!--
      WARNING - @mbggenerated
      This element is automatically generated by MyBatis Generator, do not modify.
    -->
    update tbl_card_left_number
    <set>
      <if test="totalNumber != null">
        total_number = #{totalNumber,jdbcType=INTEGER},
      </if>
      <if test="leftNumber != null">
        left_number = #{leftNumber,jdbcType=INTEGER},
      </if>
      <if test="startDate != null">
        start_date = #{startDate,jdbcType=TIMESTAMP},
      </if>
      <if test="endDate != null">
        end_date = #{endDate,jdbcType=TIMESTAMP},
      </if>
      <if test="available != null">
        available = #{available,jdbcType=INTEGER},
      </if>
      <if test="createDate != null">
        create_date = #{createDate,jdbcType=TIMESTAMP},
      </if>
      <if test="lastUpdateDate != null">
        last_update_date = #{lastUpdateDate,jdbcType=TIMESTAMP},
      </if>
    </set>
    where card_no = #{cardNo,jdbcType=VARCHAR}
      and service_id = #{serviceId,jdbcType=VARCHAR}
  </update>
  <update id="updateByPrimaryKey" parameterType="cn.comshinetechchina.hyjxyl.domain.CardLeftNumber">
    <!--
      WARNING - @mbggenerated
      This element is automatically generated by MyBatis Generator, do not modify.
    -->
    update tbl_card_left_number
    set total_number = #{totalNumber,jdbcType=INTEGER},
      left_number = #{leftNumber,jdbcType=INTEGER},
      start_date = #{startDate,jdbcType=TIMESTAMP},
      end_date = #{endDate,jdbcType=TIMESTAMP},
      available = #{available,jdbcType=INTEGER},
      create_date = #{createDate,jdbcType=TIMESTAMP},
      last_update_date = #{lastUpdateDate,jdbcType=TIMESTAMP}
    where card_no = #{cardNo,jdbcType=VARCHAR}
      and service_id = #{serviceId,jdbcType=VARCHAR}
  </update>
</mapper>