<?xml version="1.0" encoding="UTF-8"?>
<!DOCTYPE mapper PUBLIC "-//mybatis.org//DTD Mapper 3.0//EN" "http://mybatis.org/dtd/mybatis-3-mapper.dtd">
<mapper namespace="cn.comshinetechchina.hyjxyl.dao.mapper.CardNumberChangeRecordMapper">
  <resultMap id="BaseResultMap" type="cn.comshinetechchina.hyjxyl.domain.CardNumberChangeRecord">
    <!--
      WARNING - @mbggenerated
      This element is automatically generated by MyBatis Generator, do not modify.
    -->
    <id column="record_id" jdbcType="VARCHAR" property="recordId" />
    <result column="card_no" jdbcType="VARCHAR" property="cardNo" />
    <result column="service_id" jdbcType="VARCHAR" property="serviceId" />
    <result column="pre_number" jdbcType="INTEGER" property="preNumber" />
    <result column="after_number" jdbcType="INTEGER" property="afterNumber" />
    <result column="remark" jdbcType="VARCHAR" property="remark" />
    <result column="create_time" jdbcType="TIMESTAMP" property="createTime" />
    <result column="create_by" jdbcType="VARCHAR" property="createBy" />
  </resultMap>
  <sql id="Base_Column_List">
    <!--
      WARNING - @mbggenerated
      This element is automatically generated by MyBatis Generator, do not modify.
    -->
    record_id, card_no, service_id, pre_number, after_number, remark, create_time, create_by
  </sql>
  <select id="selectByPrimaryKey" parameterType="java.lang.String" resultMap="BaseResultMap">
    <!--
      WARNING - @mbggenerated
      This element is automatically generated by MyBatis Generator, do not modify.
    -->
    select 
    <include refid="Base_Column_List" />
    from tbl_card_number_change_record
    where record_id = #{recordId,jdbcType=VARCHAR}
  </select>
  <delete id="deleteByPrimaryKey" parameterType="java.lang.String">
    <!--
      WARNING - @mbggenerated
      This element is automatically generated by MyBatis Generator, do not modify.
    -->
    delete from tbl_card_number_change_record
    where record_id = #{recordId,jdbcType=VARCHAR}
  </delete>
  <insert id="insert" parameterType="cn.comshinetechchina.hyjxyl.domain.CardNumberChangeRecord">
    <!--
      WARNING - @mbggenerated
      This element is automatically generated by MyBatis Generator, do not modify.
    -->
    insert into tbl_card_number_change_record (record_id, card_no, service_id, 
      pre_number, after_number, remark, 
      create_time, create_by)
    values (#{recordId,jdbcType=VARCHAR}, #{cardNo,jdbcType=VARCHAR}, #{serviceId,jdbcType=VARCHAR}, 
      #{preNumber,jdbcType=INTEGER}, #{afterNumber,jdbcType=INTEGER}, #{remark,jdbcType=VARCHAR}, 
      #{createTime,jdbcType=TIMESTAMP}, #{createBy,jdbcType=VARCHAR})
  </insert>
  <insert id="insertSelective" parameterType="cn.comshinetechchina.hyjxyl.domain.CardNumberChangeRecord">
    <!--
      WARNING - @mbggenerated
      This element is automatically generated by MyBatis Generator, do not modify.
    -->
    insert into tbl_card_number_change_record
    <trim prefix="(" suffix=")" suffixOverrides=",">
      <if test="recordId != null">
        record_id,
      </if>
      <if test="cardNo != null">
        card_no,
      </if>
      <if test="serviceId != null">
        service_id,
      </if>
      <if test="preNumber != null">
        pre_number,
      </if>
      <if test="afterNumber != null">
        after_number,
      </if>
      <if test="remark != null">
        remark,
      </if>
      <if test="createTime != null">
        create_time,
      </if>
      <if test="createBy != null">
        create_by,
      </if>
    </trim>
    <trim prefix="values (" suffix=")" suffixOverrides=",">
      <if test="recordId != null">
        #{recordId,jdbcType=VARCHAR},
      </if>
      <if test="cardNo != null">
        #{cardNo,jdbcType=VARCHAR},
      </if>
      <if test="serviceId != null">
        #{serviceId,jdbcType=VARCHAR},
      </if>
      <if test="preNumber != null">
        #{preNumber,jdbcType=INTEGER},
      </if>
      <if test="afterNumber != null">
        #{afterNumber,jdbcType=INTEGER},
      </if>
      <if test="remark != null">
        #{remark,jdbcType=VARCHAR},
      </if>
      <if test="createTime != null">
        #{createTime,jdbcType=TIMESTAMP},
      </if>
      <if test="createBy != null">
        #{createBy,jdbcType=VARCHAR},
      </if>
    </trim>
  </insert>
  <update id="updateByPrimaryKeySelective" parameterType="cn.comshinetechchina.hyjxyl.domain.CardNumberChangeRecord">
    <!--
      WARNING - @mbggenerated
      This element is automatically generated by MyBatis Generator, do not modify.
    -->
    update tbl_card_number_change_record
    <set>
      <if test="cardNo != null">
        card_no = #{cardNo,jdbcType=VARCHAR},
      </if>
      <if test="serviceId != null">
        service_id = #{serviceId,jdbcType=VARCHAR},
      </if>
      <if test="preNumber != null">
        pre_number = #{preNumber,jdbcType=INTEGER},
      </if>
      <if test="afterNumber != null">
        after_number = #{afterNumber,jdbcType=INTEGER},
      </if>
      <if test="remark != null">
        remark = #{remark,jdbcType=VARCHAR},
      </if>
      <if test="createTime != null">
        create_time = #{createTime,jdbcType=TIMESTAMP},
      </if>
      <if test="createBy != null">
        create_by = #{createBy,jdbcType=VARCHAR},
      </if>
    </set>
    where record_id = #{recordId,jdbcType=VARCHAR}
  </update>
  <update id="updateByPrimaryKey" parameterType="cn.comshinetechchina.hyjxyl.domain.CardNumberChangeRecord">
    <!--
      WARNING - @mbggenerated
      This element is automatically generated by MyBatis Generator, do not modify.
    -->
    update tbl_card_number_change_record
    set card_no = #{cardNo,jdbcType=VARCHAR},
      service_id = #{serviceId,jdbcType=VARCHAR},
      pre_number = #{preNumber,jdbcType=INTEGER},
      after_number = #{afterNumber,jdbcType=INTEGER},
      remark = #{remark,jdbcType=VARCHAR},
      create_time = #{createTime,jdbcType=TIMESTAMP},
      create_by = #{createBy,jdbcType=VARCHAR}
    where record_id = #{recordId,jdbcType=VARCHAR}
  </update>
</mapper>