<?xml version="1.0" encoding="UTF-8"?>
<!DOCTYPE mapper PUBLIC "-//mybatis.org//DTD Mapper 3.0//EN" "http://mybatis.org/dtd/mybatis-3-mapper.dtd">
<mapper namespace="cn.comshinetechchina.hyjxyl.dao.CardDao">
    <resultMap id="BaseResultMap" type="cn.comshinetechchina.hyjxyl.domain.CardObj">
        <id column="card_id" jdbcType="VARCHAR" property="cardId" />
        <result column="from_date" jdbcType="VARCHAR" property="fromDate" />
        <result column="end_date" jdbcType="VARCHAR" property="endDate" />
        <result column="description" jdbcType="VARCHAR" property="description" />
        <result column="available" jdbcType="INTEGER" property="available" />
        <result column="created_date" jdbcType="VARCHAR" property="createdDate" />
        <result column="updated_date" jdbcType="VARCHAR" property="updatedDate" />
        <result column="card_type_id" jdbcType="VARCHAR" property="cardTypeId" />
        <result column="card_no" jdbcType="VARCHAR" property="cardNo" />
        <result column="cardTypeName" jdbcType="VARCHAR" property="cardTypeName" />
    </resultMap>
    <select id="selectCardList" resultMap="BaseResultMap" parameterType="java.util.HashMap">
        SELECT
        card.`card_id`,card.`card_no`,card.`card_type_id`,card.`available`,card.`description`,
        DATE_FORMAT(card.`from_date`,"%Y-%m-%d") AS from_date,
        DATE_FORMAT(card.`end_date`,"%Y-%m-%d") AS end_date,
        DATE_FORMAT(card.`created_date`,"%Y-%m-%d %H:%i:%s") AS created_date,
        DATE_FORMAT(card.updated_date,"%Y-%m-%d %H:%i:%s") AS updated_date,
        type.`name` AS cardTypeName FROM
        tbl_cards card LEFT JOIN tbl_card_types type ON card.`card_type_id`=type.`card_type_id`
     where  1=1
        <if test="cardNo!=null and cardNo !=''">
            and card.card_no= #{cardNo}
        </if>
        <if test="cardTypeId!=null and cardTypeId !=''">
            and card.card_type_id= #{cardTypeId}
        </if>
        <if test="isActive!=null">
            and is_Active= #{isActive}
        </if>
        <if test="startDate!=null and startDate !=''">
            <![CDATA[
              and DATE_FORMAT(card.`from_date`,"%Y-%m-%d")>= #{startDate}
             ]]>
        </if>
        <if test="endDate!=null and endDate !=''">
            <![CDATA[
              DATE_FORMAT(card.`end_date`,"%Y-%m-%d")<= #{endDate}
            ]]>
        </if>
        ORDER  by card.created_date asc
    </select>

    <update id="batchUpdateCardStatus" parameterType="java.util.HashMap">
       update tbl_cards
        set available=#{available}
        where  card_no in
        <foreach collection="list" item="cardNo" index="index"
                 open="(" close=")" separator=",">
            #{cardNo}
        </foreach>
    </update>
    <select id="selectCardMemberList" parameterType="java.util.HashMap" resultType="cn.comshinetechchina.hyjxyl.domain.MemberInfo">
        SELECT  t.member_id as memberId,m.`name`,t.`phone`,card.`card_no` AS cardNo,t1.`name` AS cardTypeName,m.id_no as idNo,
        CASE WHEN m.sex='1' THEN '男'
        WHEN m.sex='2' THEN '女' ELSE '' END AS sex,card.face_no as faceNo,
        c1.config_value AS nationName,
        CASE WHEN m.province_id IN(1,2,3,4)
        THEN  CONCAT_WS('',c.name,a.area_name,m.area_name)
        ELSE  CONCAT_WS('',p.name,c.name,a.area_name,m.area_name)     END AS houseAddress,
        case when card.available=1 then '启用'
        when card.available=0 then '停用'
        else '' end as state,
        DATE_FORMAT(t.created_date,"%Y-%m-%d %H:%i:%s") AS registerDate,
        m.age,
        DATE_FORMAT(t.updated_date,"%Y-%m-%d %H:%i:%s") AS lastUpdateDate
        FROM tbl_members t
        LEFT JOIN  `tbl_member_extend` m ON t.`member_id`=m.`member_id`
        LEFT JOIN   tbl_cards card ON t.`card_id`=card.`card_id`
        LEFT JOIN   tbl_card_types t1 ON card.`card_type_id`=t1.`card_type_id`
        LEFT JOIN   tbl_config c1 ON m.nation_id=c1.config_id
        LEFT JOIN   tbl_provinces p ON m.province_id=p.province_id
        LEFT JOIN   tbl_cities c ON m.city_id=c.city_id
        LEFT JOIN   tbl_areas a ON m.area_id=a.area_id
        where 1=1
        <if test="memberId!=null and memberId !=''">
            and t.member_id=#{memberId}
        </if>
        <if test="cardNo!=null and cardNo !=''">
            and (card.`card_no`= #{cardNo} or t.phone= #{cardNo} or m.name like CONCAT('%',#{cardNo},'%') )
        </if>
        <if test="provinceId!=null and provinceId!=''">
            and m.province_id= #{provinceId}
        </if>
        <if test="cityId!=null and cityId!=''">
            and m.city_Id= #{cityId}
        </if>
        <if test="areaId!=null and areaId!=''">
            and m.area_id= #{areaId}
        </if>
        <if test="areaName!=null and areaName!=''">
            and m.area_name like CONCAT('%',#{areaName},'%')
        </if>
        <if test="tenantId!=null and tenantId!=''">
            and t.tenant_id= #{tenantId}
        </if>
        <if test="registerStr!=null and registerStr!=''">
            <![CDATA[
            and DATE_FORMAT(t.created_date,"%Y-%m-%d")>=#{registerStr}
                ]]>
        </if>
        <if test="registerEnd!=null and registerEnd!=''">
            <![CDATA[
            and DATE_FORMAT(t.created_date,"%Y-%m-%d")<=#{registerEnd}
                ]]>
        </if>
        <if test="state!=null and state!=''">
            and card.available=#{state}
        </if>
        <if test="cardTypeId!=null and cardTypeId!=''">
            and card.card_type_id= #{cardTypeId}
        </if>
        <if test="saleAccount!=null and saleAccount!=''">
            and t.sale_account= #{saleAccount}
        </if>
        <if test="faceNo!=null and faceNo!=''">
            and card.face_no= #{faceNo}
        </if>
        ORDER  by t.created_date desc
        limit #{rowStart}, #{pageSize}
    </select>
    <select id="selectCardMemberListCount" parameterType="java.util.HashMap" resultType="int">
        SELECT  count(1)
        FROM tbl_members t
        LEFT JOIN  `tbl_member_extend` m ON t.`member_id`=m.`member_id`
        LEFT JOIN   tbl_cards card ON t.`card_id`=card.`card_id`
        LEFT JOIN   tbl_card_types t1 ON card.`card_type_id`=t1.`card_type_id`
        LEFT JOIN   tbl_config c1 ON m.nation_id=c1.config_id
        LEFT JOIN   tbl_provinces p ON m.province_id=p.province_id
        LEFT JOIN   tbl_cities c ON m.city_id=c.city_id
        LEFT JOIN   tbl_areas a ON m.area_id=a.area_id
        where 1=1
        <if test="memberId!=null and memberId !=''">
            and t.member_id=#{memberId}
        </if>
        <if test="cardNo!=null and cardNo !=''">
            and (card.`card_no`= #{cardNo} or t.phone= #{cardNo} or m.name like CONCAT('%',#{cardNo},'%') )
        </if>
        <if test="provinceId!=null and provinceId!=''">
            and m.province_id= #{provinceId}
        </if>
        <if test="cityId!=null and cityId!=''">
            and m.city_Id= #{cityId}
        </if>
        <if test="areaId!=null and areaId!=''">
            and m.area_id= #{areaId}
        </if>
        <if test="areaName!=null and areaName!=''">
            and m.area_name like CONCAT('%',#{areaName},'%')
        </if>
        <if test="tenantId!=null and tenantId!=''">
            and t.tenant_id= #{tenantId}
        </if>
        <if test="registerStr!=null and registerStr!=''">
            <![CDATA[
            and DATE_FORMAT(t.created_date,"%Y-%m-%d")>=#{registerStr}
                ]]>
        </if>
        <if test="registerEnd!=null and registerEnd!=''">
            <![CDATA[
            and DATE_FORMAT(t.created_date,"%Y-%m-%d")<=#{registerEnd}
                ]]>
        </if>
        <if test="state!=null and state!=''">
            and card.available= #{state}
        </if>
        <if test="cardTypeId!=null and cardTypeId!=''">
            and card.card_type_id= #{cardTypeId}
        </if>
        <if test="saleAccount!=null and saleAccount!=''">
            and t.sale_account= #{saleAccount}
        </if>
        <if test="faceNo!=null and faceNo!=''">
            and card.face_no= #{faceNo}
        </if>
    </select>
</mapper>