<?xml version="1.0" encoding="UTF-8"?>
<!DOCTYPE mapper PUBLIC "-//mybatis.org//DTD Mapper 3.0//EN" "http://mybatis.org/dtd/mybatis-3-mapper.dtd">
<mapper namespace="cn.comshinetechchina.hyjxyl.dao.CardLeftNumberHistoryDao">
    <select id="selectCardLeftNumberHistoryList" resultMap="cn.comshinetechchina.hyjxyl.dao.mapper.CardLeftNumberHistoryMapper.BaseResultMap" parameterType="java.util.HashMap">
        select
         *
        from
        tbl_card_left_number_history t
        where 1=1
        <if test="cardNo!=null and cardNo!=''">
            and  t.card_no=#{cardNo}
        </if>
        <if test="available!=null and available!=''">
            and  t.available=#{available}
        </if>
        <if test="serviceId!=null and serviceId!=''">
            and  t.service_id=#{serviceId}
        </if>
        ORDER  by create_date desc
        limit #{rowStart},#{pageSize}
    </select>
    <select id="selectCardLeftNumberHistoryListCount" resultType="Int" parameterType="java.util.HashMap">
        select  count(1)    from  tbl_card_left_number_history
        where 1=1
        <if test="cardNo!=null and cardNo!=''">
            and  t.card_no=#{cardNo}
        </if>
        <if test="available!=null and available!=''">
            and  t.available=#{available}
        </if>
        <if test="serviceId!=null and serviceId!=''">
            and  t.service_id=#{serviceId}
        </if>
    </select>
    <insert id="batchMoveInsert" parameterType="java.util.HashMap">
        INSERT INTO tbl_card_left_number_history
          SELECT * FROM tbl_card_left_number WHERE card_no=#{cardNo}
        <if test="serviceId!=null and serviceId!=''">
            and  service_id=#{serviceId}
        </if>
    </insert>
    <insert id="batchMoveRecordByTask" parameterType="java.util.HashMap">
        INSERT INTO tbl_card_left_number_history
        SELECT * FROM tbl_card_left_number WHERE 1=1
            <![CDATA[
               and end_date<=#{endDate}
            ]]>
    </insert>
</mapper>