<?xml version="1.0" encoding="UTF-8"?>
<!DOCTYPE mapper PUBLIC "-//mybatis.org//DTD Mapper 3.0//EN" "http://mybatis.org/dtd/mybatis-3-mapper.dtd">
<mapper namespace="cn.comshinetechchina.hyjxyl.dao.CardLeftNumberDao">
    <resultMap id="BaseResultMap" type="cn.comshinetechchina.hyjxyl.domain.CardLeftNumber">
        <!--
          WARNING - @mbggenerated
          This element is automatically generated by MyBatis Generator, do not modify.
        -->
        <id column="card_no" jdbcType="VARCHAR" property="cardNo" />
        <id column="service_id" jdbcType="VARCHAR" property="serviceId" />
        <result column="total_number" jdbcType="INTEGER" property="totalNumber" />
        <result column="left_number" jdbcType="INTEGER" property="leftNumber" />
        <result column="start_date" jdbcType="TIMESTAMP" property="startDate" />
        <result column="end_date" jdbcType="TIMESTAMP" property="endDate" />
        <result column="available" jdbcType="INTEGER" property="available" />
        <result column="create_date" jdbcType="TIMESTAMP" property="createDate" />
        <result column="last_update_date" jdbcType="TIMESTAMP" property="lastUpdateDate" />
        <result column="serviceType" jdbcType="INTEGER" property="serviceType" />
        <result column="serviceType" jdbcType="INTEGER" property="serviceType" />
        <result column="unit" jdbcType="VARCHAR" property="unit" />
        <result column="serviceName" jdbcType="VARCHAR" property="serviceName" />
    </resultMap>
    <select id="selectCardLeftNumberList" resultMap="BaseResultMap" parameterType="java.util.HashMap">
     select
        t.*,s.type as serviceType,c.unit,s.name as serviceName
        FROM
        tbl_card_left_number t
        LEFT JOIN tbl_services s ON t.service_id=s.service_id
        LEFT JOIN tbl_cards card ON t.card_No=card.card_no
        LEFT JOIN tbl_card_type_services c ON s.service_id=c.service_id AND card.card_type_id=c.card_type_id
     where  1=1
        <if test="cardNo!=null and cardNo!=''">
            and t.card_No= #{cardNo}
        </if>
        <if test="serviceId!=null and serviceId!=''">
            and t.service_id= #{serviceId}
        </if>
        <if test="available!=null and available!=''">
            and  t.available= #{available}
        </if>
        <if test="startDate!=null and startDate!=''">
            <![CDATA[
            and DATE_FORMAT(t.start_date,"%Y-%m-%d %H:%i:%s")>=#{startDate}
           ]]>
        </if>
        <if test="endDate!=null and endDate!=''">
            <![CDATA[
            and DATE_FORMAT(t.end_date,"%Y-%m-%d %H:%i:%s")<=#{endDate}
           ]]>
        </if>
        ORDER  by t.create_date DESC
    </select>
    <insert id="batchInsertRecord" parameterType="java.util.List">
        insert into tbl_card_left_number(card_no, service_id, total_number, left_number, start_date, end_date, available,
        create_date, last_update_date)
        values
        <foreach collection="list" item="item" index="index" separator=",">
            (#{item.cardNo,jdbcType=VARCHAR}, #{item.serviceId,jdbcType=VARCHAR}, #{item.totalNumber,jdbcType=INTEGER},
            #{item.leftNumber,jdbcType=INTEGER}, #{item.startDate,jdbcType=TIMESTAMP}, #{item.endDate,jdbcType=TIMESTAMP},
            #{item.available,jdbcType=INTEGER}, #{item.createDate,jdbcType=TIMESTAMP}, #{item.lastUpdateDate,jdbcType=TIMESTAMP}
            )
        </foreach>
    </insert>
    <update id="updateCardNo" parameterType="java.util.HashMap">
     UPDATE tbl_card_left_number SET card_no=#{newCardNo,jdbcType=VARCHAR} WHERE card_no=#{oldCardNo,jdbcType=VARCHAR}
    </update>

    <update id="updateLeftNumberAvailable" parameterType="java.lang.String">
     UPDATE tbl_card_left_number SET available=0 WHERE card_no=#{cardNo}
    </update>
    <delete id="deleteInfoByPara"  parameterType="java.lang.String">
        delete from tbl_card_left_number where card_no=#{cardNo}
    </delete>
    <delete id="delRecordByTask"  parameterType="java.util.HashMap">
        delete from tbl_card_left_number where  1=1
         <![CDATA[
            and end_date<=#{endDate}
          ]]>
    </delete>

</mapper>