<?xml version="1.0" encoding="UTF-8"?>
<!DOCTYPE mapper PUBLIC "-//mybatis.org//DTD Mapper 3.0//EN" "http://mybatis.org/dtd/mybatis-3-mapper.dtd">
<mapper namespace="cn.comshinetechchina.hyjxyl.dao.mapper.CardUseRecordMapper">
  <resultMap id="BaseResultMap" type="cn.comshinetechchina.hyjxyl.domain.CardUseRecord">
    <!--
      WARNING - @mbggenerated
      This element is automatically generated by MyBatis Generator, do not modify.
    -->
    <id column="record_id" jdbcType="VARCHAR" property="recordId" />
    <result column="device_no" jdbcType="VARCHAR" property="deviceNo" />
    <result column="card_no" jdbcType="VARCHAR" property="cardNo" />
    <result column="swipe_date" jdbcType="TIMESTAMP" property="swipeDate" />
    <result column="left_number" jdbcType="INTEGER" property="leftNumber" />
    <result column="create_time" jdbcType="TIMESTAMP" property="createTime" />
    <result column="create_by" jdbcType="VARCHAR" property="createBy" />
  </resultMap>
  <sql id="Base_Column_List">
    <!--
      WARNING - @mbggenerated
      This element is automatically generated by MyBatis Generator, do not modify.
    -->
    record_id, device_no, card_no, swipe_date, left_number, create_time, create_by
  </sql>
  <select id="selectByPrimaryKey" parameterType="java.lang.String" resultMap="BaseResultMap">
    <!--
      WARNING - @mbggenerated
      This element is automatically generated by MyBatis Generator, do not modify.
    -->
    select 
    <include refid="Base_Column_List" />
    from tbl_card_use_record
    where record_id = #{recordId,jdbcType=VARCHAR}
  </select>
  <delete id="deleteByPrimaryKey" parameterType="java.lang.String">
    <!--
      WARNING - @mbggenerated
      This element is automatically generated by MyBatis Generator, do not modify.
    -->
    delete from tbl_card_use_record
    where record_id = #{recordId,jdbcType=VARCHAR}
  </delete>
  <insert id="insert" parameterType="cn.comshinetechchina.hyjxyl.domain.CardUseRecord">
    <!--
      WARNING - @mbggenerated
      This element is automatically generated by MyBatis Generator, do not modify.
    -->
    insert into tbl_card_use_record (record_id, device_no, card_no, 
      swipe_date, left_number, create_time, 
      create_by)
    values (#{recordId,jdbcType=VARCHAR}, #{deviceNo,jdbcType=VARCHAR}, #{cardNo,jdbcType=VARCHAR}, 
      #{swipeDate,jdbcType=TIMESTAMP}, #{leftNumber,jdbcType=INTEGER}, #{createTime,jdbcType=TIMESTAMP}, 
      #{createBy,jdbcType=VARCHAR})
  </insert>
  <insert id="insertSelective" parameterType="cn.comshinetechchina.hyjxyl.domain.CardUseRecord">
    <!--
      WARNING - @mbggenerated
      This element is automatically generated by MyBatis Generator, do not modify.
    -->
    insert into tbl_card_use_record
    <trim prefix="(" suffix=")" suffixOverrides=",">
      <if test="recordId != null">
        record_id,
      </if>
      <if test="deviceNo != null">
        device_no,
      </if>
      <if test="cardNo != null">
        card_no,
      </if>
      <if test="swipeDate != null">
        swipe_date,
      </if>
      <if test="leftNumber != null">
        left_number,
      </if>
      <if test="createTime != null">
        create_time,
      </if>
      <if test="createBy != null">
        create_by,
      </if>
    </trim>
    <trim prefix="values (" suffix=")" suffixOverrides=",">
      <if test="recordId != null">
        #{recordId,jdbcType=VARCHAR},
      </if>
      <if test="deviceNo != null">
        #{deviceNo,jdbcType=VARCHAR},
      </if>
      <if test="cardNo != null">
        #{cardNo,jdbcType=VARCHAR},
      </if>
      <if test="swipeDate != null">
        #{swipeDate,jdbcType=TIMESTAMP},
      </if>
      <if test="leftNumber != null">
        #{leftNumber,jdbcType=INTEGER},
      </if>
      <if test="createTime != null">
        #{createTime,jdbcType=TIMESTAMP},
      </if>
      <if test="createBy != null">
        #{createBy,jdbcType=VARCHAR},
      </if>
    </trim>
  </insert>
  <update id="updateByPrimaryKeySelective" parameterType="cn.comshinetechchina.hyjxyl.domain.CardUseRecord">
    <!--
      WARNING - @mbggenerated
      This element is automatically generated by MyBatis Generator, do not modify.
    -->
    update tbl_card_use_record
    <set>
      <if test="deviceNo != null">
        device_no = #{deviceNo,jdbcType=VARCHAR},
      </if>
      <if test="cardNo != null">
        card_no = #{cardNo,jdbcType=VARCHAR},
      </if>
      <if test="swipeDate != null">
        swipe_date = #{swipeDate,jdbcType=TIMESTAMP},
      </if>
      <if test="leftNumber != null">
        left_number = #{leftNumber,jdbcType=INTEGER},
      </if>
      <if test="createTime != null">
        create_time = #{createTime,jdbcType=TIMESTAMP},
      </if>
      <if test="createBy != null">
        create_by = #{createBy,jdbcType=VARCHAR},
      </if>
    </set>
    where record_id = #{recordId,jdbcType=VARCHAR}
  </update>
  <update id="updateByPrimaryKey" parameterType="cn.comshinetechchina.hyjxyl.domain.CardUseRecord">
    <!--
      WARNING - @mbggenerated
      This element is automatically generated by MyBatis Generator, do not modify.
    -->
    update tbl_card_use_record
    set device_no = #{deviceNo,jdbcType=VARCHAR},
      card_no = #{cardNo,jdbcType=VARCHAR},
      swipe_date = #{swipeDate,jdbcType=TIMESTAMP},
      left_number = #{leftNumber,jdbcType=INTEGER},
      create_time = #{createTime,jdbcType=TIMESTAMP},
      create_by = #{createBy,jdbcType=VARCHAR}
    where record_id = #{recordId,jdbcType=VARCHAR}
  </update>
</mapper>