<?xml version="1.0" encoding="UTF-8"?>
<!DOCTYPE mapper PUBLIC "-//mybatis.org//DTD Mapper 3.0//EN" "http://mybatis.org/dtd/mybatis-3-mapper.dtd">
<mapper namespace="cn.comshinetechchina.hyjxyl.dao.CardTypeServiceDao">
    <resultMap id="BaseResultMap" type="cn.comshinetechchina.hyjxyl.domain.CardTypeService">
        <!--
          WARNING - @mbggenerated
          This element is automatically generated by MyBatis Generator, do not modify.
        -->
        <id column="card_type_service_id" jdbcType="VARCHAR" property="cardTypeServiceId" />
        <result column="card_type_id" jdbcType="VARCHAR" property="cardTypeId" />
        <result column="service_id" jdbcType="VARCHAR" property="serviceId" />
        <result column="total_count" jdbcType="INTEGER" property="totalCount" />
        <result column="unit" jdbcType="VARCHAR" property="unit" />
        <result column="create_time" jdbcType="TIMESTAMP" property="createTime" />
        <result column="create_by" jdbcType="VARCHAR" property="createBy" />
        <result column="serviceName" jdbcType="VARCHAR" property="serviceName" />
        <result column="createdTime" jdbcType="VARCHAR" property="createdTime" />
    </resultMap>
    <select id="selectCardTypeServiceList" resultMap="BaseResultMap" parameterType="java.util.HashMap">
        SELECT
        t.*,s.`name` AS serviceName,DATE_FORMAT(t.`create_time`,'%Y-%m-%d %H:%i:%s') AS createdTime
        ,s.`type`
        FROM
        tbl_card_type_services t
        LEFT JOIN tbl_services s ON t.service_id=s.service_id
        where  1=1
        <if test="cardTypeId!=null and cardTypeId !=''">
            and t.card_type_id= #{cardTypeId}
        </if>
        <if test="serviceId!=null and serviceId !=''">
            and t.service_id= #{serviceId}
        </if>
        ORDER  by t.create_time asc
    </select>

    <insert id="batchInsertCardTypeService" parameterType="java.util.List">
    insert into tbl_card_type_services(card_type_service_id, card_type_id, service_id, total_count, unit, create_time, create_by)
    values
    <foreach collection="list" item="item" index="index" separator=",">
        (#{item.cardTypeServiceId,jdbcType=VARCHAR}, #{item.cardTypeId,jdbcType=VARCHAR},
        #{item.serviceId,jdbcType=VARCHAR}, #{item.totalCount,jdbcType=INTEGER}, #{item.unit,jdbcType=VARCHAR},
        #{item.createTime,jdbcType=TIMESTAMP},#{item.createBy,jdbcType=VARCHAR}
        )
    </foreach>
    </insert>

    <delete id="deleteRecordByPara" parameterType="String">
        delete from tbl_card_type_services where card_type_id=#{cardTypeId}
    </delete>
</mapper>