<?xml version="1.0" encoding="UTF-8" ?>
<!DOCTYPE mapper PUBLIC "-//mybatis.org//DTD Mapper 3.0//EN" "http://mybatis.org/dtd/mybatis-3-mapper.dtd" >
<mapper namespace="cn.comshinetechchina.hyjxyl.dao.mapper.CardChangeRecordMapper" >
  <resultMap id="BaseResultMap" type="cn.comshinetechchina.hyjxyl.domain.CardChangeRecord" >
    <!--
      WARNING - @mbggenerated
      This element is automatically generated by MyBatis Generator, do not modify.
    -->
    <id column="record_id" property="recordId" jdbcType="VARCHAR" />
    <result column="member_id" property="memberId" jdbcType="VARCHAR" />
    <result column="card_no" property="cardNo" jdbcType="VARCHAR" />
    <result column="change_time" property="changeTime" jdbcType="TIMESTAMP" />
  </resultMap>
  <sql id="Base_Column_List" >
    <!--
      WARNING - @mbggenerated
      This element is automatically generated by MyBatis Generator, do not modify.
    -->
    record_id, member_id, card_no, change_time
  </sql>
  <select id="selectByPrimaryKey" resultMap="BaseResultMap" parameterType="java.lang.String" >
    <!--
      WARNING - @mbggenerated
      This element is automatically generated by MyBatis Generator, do not modify.
    -->
    select 
    <include refid="Base_Column_List" />
    from tbl_card_change_record
    where record_id = #{recordId,jdbcType=VARCHAR}
  </select>
  <delete id="deleteByPrimaryKey" parameterType="java.lang.String" >
    <!--
      WARNING - @mbggenerated
      This element is automatically generated by MyBatis Generator, do not modify.
    -->
    delete from tbl_card_change_record
    where record_id = #{recordId,jdbcType=VARCHAR}
  </delete>
  <insert id="insert" parameterType="cn.comshinetechchina.hyjxyl.domain.CardChangeRecord" >
    <!--
      WARNING - @mbggenerated
      This element is automatically generated by MyBatis Generator, do not modify.
    -->
    insert into tbl_card_change_record (record_id, member_id, card_no, 
      change_time)
    values (#{recordId,jdbcType=VARCHAR}, #{memberId,jdbcType=VARCHAR}, #{cardNo,jdbcType=VARCHAR}, 
      #{changeTime,jdbcType=TIMESTAMP})
  </insert>
  <insert id="insertSelective" parameterType="cn.comshinetechchina.hyjxyl.domain.CardChangeRecord" >
    <!--
      WARNING - @mbggenerated
      This element is automatically generated by MyBatis Generator, do not modify.
    -->
    insert into tbl_card_change_record
    <trim prefix="(" suffix=")" suffixOverrides="," >
      <if test="recordId != null" >
        record_id,
      </if>
      <if test="memberId != null" >
        member_id,
      </if>
      <if test="cardNo != null" >
        card_no,
      </if>
      <if test="changeTime != null" >
        change_time,
      </if>
    </trim>
    <trim prefix="values (" suffix=")" suffixOverrides="," >
      <if test="recordId != null" >
        #{recordId,jdbcType=VARCHAR},
      </if>
      <if test="memberId != null" >
        #{memberId,jdbcType=VARCHAR},
      </if>
      <if test="cardNo != null" >
        #{cardNo,jdbcType=VARCHAR},
      </if>
      <if test="changeTime != null" >
        #{changeTime,jdbcType=TIMESTAMP},
      </if>
    </trim>
  </insert>
  <update id="updateByPrimaryKeySelective" parameterType="cn.comshinetechchina.hyjxyl.domain.CardChangeRecord" >
    <!--
      WARNING - @mbggenerated
      This element is automatically generated by MyBatis Generator, do not modify.
    -->
    update tbl_card_change_record
    <set >
      <if test="memberId != null" >
        member_id = #{memberId,jdbcType=VARCHAR},
      </if>
      <if test="cardNo != null" >
        card_no = #{cardNo,jdbcType=VARCHAR},
      </if>
      <if test="changeTime != null" >
        change_time = #{changeTime,jdbcType=TIMESTAMP},
      </if>
    </set>
    where record_id = #{recordId,jdbcType=VARCHAR}
  </update>
  <update id="updateByPrimaryKey" parameterType="cn.comshinetechchina.hyjxyl.domain.CardChangeRecord" >
    <!--
      WARNING - @mbggenerated
      This element is automatically generated by MyBatis Generator, do not modify.
    -->
    update tbl_card_change_record
    set member_id = #{memberId,jdbcType=VARCHAR},
      card_no = #{cardNo,jdbcType=VARCHAR},
      change_time = #{changeTime,jdbcType=TIMESTAMP}
    where record_id = #{recordId,jdbcType=VARCHAR}
  </update>
</mapper>