<?xml version="1.0" encoding="UTF-8"?>
<!DOCTYPE mapper PUBLIC "-//mybatis.org//DTD Mapper 3.0//EN" "http://mybatis.org/dtd/mybatis-3-mapper.dtd">
<mapper namespace="cn.comshinetechchina.hyjxyl.dao.mapper.CardMapper">
  <resultMap id="BaseResultMap" type="cn.comshinetechchina.hyjxyl.domain.Card">
    <!--
      WARNING - @mbggenerated
      This element is automatically generated by MyBatis Generator, do not modify.
    -->
    <id column="card_id" jdbcType="VARCHAR" property="cardId" />
    <result column="card_no" jdbcType="VARCHAR" property="cardNo" />
    <result column="from_date" jdbcType="TIMESTAMP" property="fromDate" />
    <result column="end_date" jdbcType="TIMESTAMP" property="endDate" />
    <result column="description" jdbcType="VARCHAR" property="description" />
    <result column="available" jdbcType="INTEGER" property="available" />
    <result column="created_date" jdbcType="TIMESTAMP" property="createdDate" />
    <result column="updated_date" jdbcType="TIMESTAMP" property="updatedDate" />
    <result column="card_type_id" jdbcType="VARCHAR" property="cardTypeId" />
    <result column="status" jdbcType="INTEGER" property="status" />
    <result column="time_limit" jdbcType="INTEGER" property="timeLimit" />
    <result column="face_no" jdbcType="VARCHAR" property="faceNo" />
  </resultMap>
  <sql id="Base_Column_List">
    <!--
      WARNING - @mbggenerated
      This element is automatically generated by MyBatis Generator, do not modify.
    -->
    card_id, card_no, from_date, end_date, description, available, created_date, updated_date, 
    card_type_id, status, time_limit, face_no
  </sql>
  <select id="selectByPrimaryKey" parameterType="java.lang.String" resultMap="BaseResultMap">
    <!--
      WARNING - @mbggenerated
      This element is automatically generated by MyBatis Generator, do not modify.
    -->
    select 
    <include refid="Base_Column_List" />
    from tbl_cards
    where card_id = #{cardId,jdbcType=VARCHAR}
  </select>
  <delete id="deleteByPrimaryKey" parameterType="java.lang.String">
    <!--
      WARNING - @mbggenerated
      This element is automatically generated by MyBatis Generator, do not modify.
    -->
    delete from tbl_cards
    where card_id = #{cardId,jdbcType=VARCHAR}
  </delete>
  <insert id="insert" parameterType="cn.comshinetechchina.hyjxyl.domain.Card">
    <!--
      WARNING - @mbggenerated
      This element is automatically generated by MyBatis Generator, do not modify.
    -->
    insert into tbl_cards (card_id, card_no, from_date, 
      end_date, description, available, 
      created_date, updated_date, card_type_id, 
      status, time_limit, face_no
      )
    values (#{cardId,jdbcType=VARCHAR}, #{cardNo,jdbcType=VARCHAR}, #{fromDate,jdbcType=TIMESTAMP}, 
      #{endDate,jdbcType=TIMESTAMP}, #{description,jdbcType=VARCHAR}, #{available,jdbcType=INTEGER}, 
      #{createdDate,jdbcType=TIMESTAMP}, #{updatedDate,jdbcType=TIMESTAMP}, #{cardTypeId,jdbcType=VARCHAR}, 
      #{status,jdbcType=INTEGER}, #{timeLimit,jdbcType=INTEGER}, #{faceNo,jdbcType=VARCHAR}
      )
  </insert>
  <insert id="insertSelective" parameterType="cn.comshinetechchina.hyjxyl.domain.Card">
    <!--
      WARNING - @mbggenerated
      This element is automatically generated by MyBatis Generator, do not modify.
    -->
    insert into tbl_cards
    <trim prefix="(" suffix=")" suffixOverrides=",">
      <if test="cardId != null">
        card_id,
      </if>
      <if test="cardNo != null">
        card_no,
      </if>
      <if test="fromDate != null">
        from_date,
      </if>
      <if test="endDate != null">
        end_date,
      </if>
      <if test="description != null">
        description,
      </if>
      <if test="available != null">
        available,
      </if>
      <if test="createdDate != null">
        created_date,
      </if>
      <if test="updatedDate != null">
        updated_date,
      </if>
      <if test="cardTypeId != null">
        card_type_id,
      </if>
      <if test="status != null">
        status,
      </if>
      <if test="timeLimit != null">
        time_limit,
      </if>
      <if test="faceNo != null">
        face_no,
      </if>
    </trim>
    <trim prefix="values (" suffix=")" suffixOverrides=",">
      <if test="cardId != null">
        #{cardId,jdbcType=VARCHAR},
      </if>
      <if test="cardNo != null">
        #{cardNo,jdbcType=VARCHAR},
      </if>
      <if test="fromDate != null">
        #{fromDate,jdbcType=TIMESTAMP},
      </if>
      <if test="endDate != null">
        #{endDate,jdbcType=TIMESTAMP},
      </if>
      <if test="description != null">
        #{description,jdbcType=VARCHAR},
      </if>
      <if test="available != null">
        #{available,jdbcType=INTEGER},
      </if>
      <if test="createdDate != null">
        #{createdDate,jdbcType=TIMESTAMP},
      </if>
      <if test="updatedDate != null">
        #{updatedDate,jdbcType=TIMESTAMP},
      </if>
      <if test="cardTypeId != null">
        #{cardTypeId,jdbcType=VARCHAR},
      </if>
      <if test="status != null">
        #{status,jdbcType=INTEGER},
      </if>
      <if test="timeLimit != null">
        #{timeLimit,jdbcType=INTEGER},
      </if>
      <if test="faceNo != null">
        #{faceNo,jdbcType=VARCHAR},
      </if>
    </trim>
  </insert>
  <update id="updateByPrimaryKeySelective" parameterType="cn.comshinetechchina.hyjxyl.domain.Card">
    <!--
      WARNING - @mbggenerated
      This element is automatically generated by MyBatis Generator, do not modify.
    -->
    update tbl_cards
    <set>
      <if test="cardNo != null">
        card_no = #{cardNo,jdbcType=VARCHAR},
      </if>
      <if test="fromDate != null">
        from_date = #{fromDate,jdbcType=TIMESTAMP},
      </if>
      <if test="endDate != null">
        end_date = #{endDate,jdbcType=TIMESTAMP},
      </if>
      <if test="description != null">
        description = #{description,jdbcType=VARCHAR},
      </if>
      <if test="available != null">
        available = #{available,jdbcType=INTEGER},
      </if>
      <if test="createdDate != null">
        created_date = #{createdDate,jdbcType=TIMESTAMP},
      </if>
      <if test="updatedDate != null">
        updated_date = #{updatedDate,jdbcType=TIMESTAMP},
      </if>
      <if test="cardTypeId != null">
        card_type_id = #{cardTypeId,jdbcType=VARCHAR},
      </if>
      <if test="status != null">
        status = #{status,jdbcType=INTEGER},
      </if>
      <if test="timeLimit != null">
        time_limit = #{timeLimit,jdbcType=INTEGER},
      </if>
      <if test="faceNo != null">
        face_no = #{faceNo,jdbcType=VARCHAR},
      </if>
    </set>
    where card_id = #{cardId,jdbcType=VARCHAR}
  </update>
  <update id="updateByPrimaryKey" parameterType="cn.comshinetechchina.hyjxyl.domain.Card">
    <!--
      WARNING - @mbggenerated
      This element is automatically generated by MyBatis Generator, do not modify.
    -->
    update tbl_cards
    set card_no = #{cardNo,jdbcType=VARCHAR},
      from_date = #{fromDate,jdbcType=TIMESTAMP},
      end_date = #{endDate,jdbcType=TIMESTAMP},
      description = #{description,jdbcType=VARCHAR},
      available = #{available,jdbcType=INTEGER},
      created_date = #{createdDate,jdbcType=TIMESTAMP},
      updated_date = #{updatedDate,jdbcType=TIMESTAMP},
      card_type_id = #{cardTypeId,jdbcType=VARCHAR},
      status = #{status,jdbcType=INTEGER},
      time_limit = #{timeLimit,jdbcType=INTEGER},
      face_no = #{faceNo,jdbcType=VARCHAR}
    where card_id = #{cardId,jdbcType=VARCHAR}
  </update>
</mapper>