<?xml version="1.0" encoding="UTF-8"?>
<!DOCTYPE mapper PUBLIC "-//mybatis.org//DTD Mapper 3.0//EN" "http://mybatis.org/dtd/mybatis-3-mapper.dtd">
<mapper namespace="cn.comshinetechchina.hyjxyl.dao.CarouselFigureDao">
    <select id="selectCarouselFigureList" resultType="cn.comshinetechchina.hyjxyl.domain.CarouselFigureObj" parameterType="java.util.HashMap">
        select
        t.id,t.content_id as contentId,t.article_id as articleId,t.available,a.title as articleTitle,
        case when a.type_id='01' then '咨讯'
             when a.type_id='02' then '活动'
             when a.type_id='03' then '社区养老'
             when a.type_id='04' then '居家养老'
        else '' end as  articleType,
        t.order_no as orderNo,
        DATE_FORMAT(t.create_time,"%Y-%m-%d %H:%i:%s") as createTime,
        DATE_FORMAT(t.last_update_time,"%Y-%m-%d %H:%i:%s") as lastUpdateTime
        from
        tbl_carousel_figure t
        left join tbl_articles a on t.article_id=a.article_id
        where 1=1
        <if test="available!=null and available!=''">
            and  t.available=#{available}
        </if>
        <if test="startDate!=null and startDate!=''">
            <![CDATA[
           AND DATE_FORMAT(t.create_time,"%Y-%m-%d")>=#{startDate}
           ]]>
        </if>
        <if test="endDate!=null and endDate!=''">
            <![CDATA[
           AND DATE_FORMAT(t.create_time,"%Y-%m-%d")<=#{endDate}
           ]]>
        </if>
        ORDER  BY IF(ISNULL(t.order_no),1,0),t.order_no,
        t.create_time ASC
        limit #{rowStart},#{pageSize}
    </select>
    <select id="selectCarouselFigureListCount" resultType="Int" parameterType="java.util.HashMap">
        select count(1)
        from
        tbl_carousel_figure t
        left join tbl_articles a on t.article_id=a.article_id
        where 1=1
        <if test="available!=null and available!=''">
            and  t.available=#{available}
        </if>
        <if test="startDate!=null and startDate!=''">
            <![CDATA[
           AND DATE_FORMAT(t.create_time,"%Y-%m-%d")>=#{startDate}
           ]]>
        </if>
        <if test="endDate!=null and endDate!=''">
            <![CDATA[
           AND DATE_FORMAT(t.create_time,"%Y-%m-%d")<=#{endDate}
           ]]>
        </if>
    </select>
    <select id="selectRandom5Articles"  resultType="cn.comshinetechchina.hyjxyl.domain.CarouselFigureObj">
        SELECT  t1.id,t1.content_id AS contentId,t1.article_id AS articleId,t1.available,ta.type_id AS articleType,ta.title AS articleTitle,
        DATE_FORMAT(t1.create_time,"%Y-%m-%d %H:%i:%s") AS createTime,t1.order_no AS orderNo,
        DATE_FORMAT(t1.last_update_time,"%Y-%m-%d %H:%i:%s") AS lastUpdateTime
        FROM
        tbl_carousel_figure t1
        LEFT JOIN tbl_articles ta ON t1.`article_id`=ta.article_id
        WHERE t1.`available`=1
        ORDER  BY IF(ISNULL(t1.order_no),1,0),t1.order_no DESC,
        t1.create_time DESC
        LIMIT 4
    </select>
    <select id="queryAvailableArticles" resultType="cn.comshinetechchina.hyjxyl.domain.ArticleObj" parameterType="java.util.HashMap">
        SELECT
        t.article_id AS articleId,t.tenant_id AS articleId,t.type_Id AS typeId,t.comment_count AS commentCount,
        t.title,t.digest,t.content,t.column_Id AS columnId,t.articlescol,
        t.favour,DATE_FORMAT(t.activity_Start_Time,"%Y-%m-%d %H:%i:%s") AS activityStartTime,
        DATE_FORMAT(t.activity_End_Time,"%Y-%m-%d %H:%i:%s") AS activityEndTime,t.activity_Place AS activityPlace,
        t.available,t.create_By AS createBy,
        DATE_FORMAT(t.created_Date,"%Y-%m-%d %H:%i:%s") AS createdDate,
        DATE_FORMAT(t.last_Updated_Date,"%Y-%m-%d %H:%i:%s") AS lastUpdatedDate,
        t.last_Update_By AS lastUpdateBy
        FROM tbl_articles t
        WHERE t.article_id NOT IN (SELECT article_id FROM tbl_carousel_figure where available=1)
        AND t.available=1
        AND t.type_id IN ('01','02')
        <if test="startDate!=null and startDate!=''" >
            <![CDATA[
            AND DATE_FORMAT(t.activity_start_time,"%Y-%m-%d")>=#{startDate}
           ]]>
        </if>
        <if test="endDate!=null and endDate!=''" >
            <![CDATA[
            AND DATE_FORMAT(t.activity_end_time,"%Y-%m-%d")<=#{endDate}
           ]]>
        </if>
        <if test="title!=null and title!=''" >
            AND t.title like CONCAT('%',#{title},'%')
        </if>
        order by t.created_date desc
        limit #{rowStart},#{pageSize}
    </select>
    <select id="queryAvailableArticlesCount" resultType="Int" parameterType="java.util.HashMap">
        SELECT
        count(1)
        FROM tbl_articles t
        WHERE t.article_id NOT IN (SELECT article_id FROM tbl_carousel_figure  where available=1)
        AND t.available=1
        AND t.type_id IN ('01','02')
        <if test="startDate!=null and startDate!=''" >
            <![CDATA[
            AND DATE_FORMAT(t.activity_start_time,"%Y-%m-%d")>=#{startDate}
           ]]>
        </if>
        <if test="endDate!=null and endDate!=''" >
            <![CDATA[
            AND DATE_FORMAT(t.activity_end_time,"%Y-%m-%d")<=#{endDate}
           ]]>
        </if>
        <if test="title!=null and title!=''" >
            AND t.title like CONCAT('%',#{title},'%')
        </if>
    </select>
    <select id="selectOneCarouselFigure" parameterType="java.util.HashMap" resultMap="cn.comshinetechchina.hyjxyl.dao.mapper.CarouselFigureMapper.BaseResultMap">
    select * from tbl_carousel_figure
    where 1=1
        <if test="articleId!=null and articleId!=''" >
            AND article_id =#{articleId}
        </if>
        <if test="available!=null and available!=''" >
            AND available=#{available}
        </if>
        limit 1
    </select>
    <select id="selectOneCarouselFigureByOrder" parameterType="Integer" resultMap="cn.comshinetechchina.hyjxyl.dao.mapper.CarouselFigureMapper.BaseResultMap">
      select * from tbl_carousel_figure where order_no=#{orderNo}
    </select>
</mapper>