<?xml version="1.0" encoding="UTF-8"?>
<!DOCTYPE mapper PUBLIC "-//mybatis.org//DTD Mapper 3.0//EN" "http://mybatis.org/dtd/mybatis-3-mapper.dtd">
<mapper namespace="cn.comshinetechchina.hyjxyl.dao.mapper.CarouselFigureMapper">
  <resultMap id="BaseResultMap" type="cn.comshinetechchina.hyjxyl.domain.CarouselFigure">
    <!--
      WARNING - @mbggenerated
      This element is automatically generated by MyBatis Generator, do not modify.
    -->
    <id column="id" jdbcType="VARCHAR" property="id" />
    <result column="content_id" jdbcType="VARCHAR" property="contentId" />
    <result column="article_id" jdbcType="VARCHAR" property="articleId" />
    <result column="available" jdbcType="INTEGER" property="available" />
    <result column="create_time" jdbcType="TIMESTAMP" property="createTime" />
    <result column="last_update_time" jdbcType="TIMESTAMP" property="lastUpdateTime" />
    <result column="order_no" jdbcType="INTEGER" property="orderNo" />
  </resultMap>
  <sql id="Base_Column_List">
    <!--
      WARNING - @mbggenerated
      This element is automatically generated by MyBatis Generator, do not modify.
    -->
    id, content_id, article_id, available, create_time, last_update_time, order_no
  </sql>
  <select id="selectByPrimaryKey" parameterType="java.lang.String" resultMap="BaseResultMap">
    <!--
      WARNING - @mbggenerated
      This element is automatically generated by MyBatis Generator, do not modify.
    -->
    select 
    <include refid="Base_Column_List" />
    from tbl_carousel_figure
    where id = #{id,jdbcType=VARCHAR}
  </select>
  <delete id="deleteByPrimaryKey" parameterType="java.lang.String">
    <!--
      WARNING - @mbggenerated
      This element is automatically generated by MyBatis Generator, do not modify.
    -->
    delete from tbl_carousel_figure
    where id = #{id,jdbcType=VARCHAR}
  </delete>
  <insert id="insert" parameterType="cn.comshinetechchina.hyjxyl.domain.CarouselFigure">
    <!--
      WARNING - @mbggenerated
      This element is automatically generated by MyBatis Generator, do not modify.
    -->
    insert into tbl_carousel_figure (id, content_id, article_id, 
      available, create_time, last_update_time, 
      order_no)
    values (#{id,jdbcType=VARCHAR}, #{contentId,jdbcType=VARCHAR}, #{articleId,jdbcType=VARCHAR}, 
      #{available,jdbcType=INTEGER}, #{createTime,jdbcType=TIMESTAMP}, #{lastUpdateTime,jdbcType=TIMESTAMP}, 
      #{orderNo,jdbcType=INTEGER})
  </insert>
  <insert id="insertSelective" parameterType="cn.comshinetechchina.hyjxyl.domain.CarouselFigure">
    <!--
      WARNING - @mbggenerated
      This element is automatically generated by MyBatis Generator, do not modify.
    -->
    insert into tbl_carousel_figure
    <trim prefix="(" suffix=")" suffixOverrides=",">
      <if test="id != null">
        id,
      </if>
      <if test="contentId != null">
        content_id,
      </if>
      <if test="articleId != null">
        article_id,
      </if>
      <if test="available != null">
        available,
      </if>
      <if test="createTime != null">
        create_time,
      </if>
      <if test="lastUpdateTime != null">
        last_update_time,
      </if>
      <if test="orderNo != null">
        order_no,
      </if>
    </trim>
    <trim prefix="values (" suffix=")" suffixOverrides=",">
      <if test="id != null">
        #{id,jdbcType=VARCHAR},
      </if>
      <if test="contentId != null">
        #{contentId,jdbcType=VARCHAR},
      </if>
      <if test="articleId != null">
        #{articleId,jdbcType=VARCHAR},
      </if>
      <if test="available != null">
        #{available,jdbcType=INTEGER},
      </if>
      <if test="createTime != null">
        #{createTime,jdbcType=TIMESTAMP},
      </if>
      <if test="lastUpdateTime != null">
        #{lastUpdateTime,jdbcType=TIMESTAMP},
      </if>
      <if test="orderNo != null">
        #{orderNo,jdbcType=INTEGER},
      </if>
    </trim>
  </insert>
  <update id="updateByPrimaryKeySelective" parameterType="cn.comshinetechchina.hyjxyl.domain.CarouselFigure">
    <!--
      WARNING - @mbggenerated
      This element is automatically generated by MyBatis Generator, do not modify.
    -->
    update tbl_carousel_figure
    <set>
      <if test="contentId != null">
        content_id = #{contentId,jdbcType=VARCHAR},
      </if>
      <if test="articleId != null">
        article_id = #{articleId,jdbcType=VARCHAR},
      </if>
      <if test="available != null">
        available = #{available,jdbcType=INTEGER},
      </if>
      <if test="createTime != null">
        create_time = #{createTime,jdbcType=TIMESTAMP},
      </if>
      <if test="lastUpdateTime != null">
        last_update_time = #{lastUpdateTime,jdbcType=TIMESTAMP},
      </if>
      <if test="orderNo != null">
        <if test="orderNo==-1">
          order_no =null,
        </if>
        <if test="orderNo!=-1">
          order_no = #{orderNo,jdbcType=INTEGER},
        </if>
      </if>
    </set>
    where id = #{id,jdbcType=VARCHAR}
  </update>
  <update id="updateByPrimaryKey" parameterType="cn.comshinetechchina.hyjxyl.domain.CarouselFigure">
    <!--
      WARNING - @mbggenerated
      This element is automatically generated by MyBatis Generator, do not modify.
    -->
    update tbl_carousel_figure
    set content_id = #{contentId,jdbcType=VARCHAR},
      article_id = #{articleId,jdbcType=VARCHAR},
      available = #{available,jdbcType=INTEGER},
      create_time = #{createTime,jdbcType=TIMESTAMP},
      last_update_time = #{lastUpdateTime,jdbcType=TIMESTAMP},
      order_no = #{orderNo,jdbcType=INTEGER}
    where id = #{id,jdbcType=VARCHAR}
  </update>
</mapper>