<?xml version="1.0" encoding="UTF-8" ?>
<!DOCTYPE mapper PUBLIC "-//mybatis.org//DTD Mapper 3.0//EN" "http://mybatis.org/dtd/mybatis-3-mapper.dtd" >
<mapper namespace="cn.comshinetechchina.hyjxyl.dao.mapper.CityMapper" >
  <resultMap id="BaseResultMap" type="cn.comshinetechchina.hyjxyl.domain.City" >
    <!--
      WARNING - @mbggenerated
      This element is automatically generated by MyBatis Generator, do not modify.
    -->
    <id column="city_id" property="cityId" jdbcType="INTEGER" />
    <result column="name" property="name" jdbcType="VARCHAR" />
    <result column="province_id" property="provinceId" jdbcType="INTEGER" />
  </resultMap>
  <sql id="Base_Column_List" >
    <!--
      WARNING - @mbggenerated
      This element is automatically generated by MyBatis Generator, do not modify.
    -->
    city_id, name, province_id
  </sql>
  <select id="selectByPrimaryKey" resultMap="BaseResultMap" parameterType="java.lang.Integer" >
    <!--
      WARNING - @mbggenerated
      This element is automatically generated by MyBatis Generator, do not modify.
    -->
    select 
    <include refid="Base_Column_List" />
    from tbl_cities
    where city_id = #{cityId,jdbcType=INTEGER}
  </select>
  <delete id="deleteByPrimaryKey" parameterType="java.lang.Integer" >
    <!--
      WARNING - @mbggenerated
      This element is automatically generated by MyBatis Generator, do not modify.
    -->
    delete from tbl_cities
    where city_id = #{cityId,jdbcType=INTEGER}
  </delete>
  <insert id="insert" parameterType="cn.comshinetechchina.hyjxyl.domain.City" >
    <!--
      WARNING - @mbggenerated
      This element is automatically generated by MyBatis Generator, do not modify.
    -->
    insert into tbl_cities (city_id, name, province_id
      )
    values (#{cityId,jdbcType=INTEGER}, #{name,jdbcType=VARCHAR}, #{provinceId,jdbcType=INTEGER}
      )
  </insert>
  <insert id="insertSelective" parameterType="cn.comshinetechchina.hyjxyl.domain.City" >
    <!--
      WARNING - @mbggenerated
      This element is automatically generated by MyBatis Generator, do not modify.
    -->
    insert into tbl_cities
    <trim prefix="(" suffix=")" suffixOverrides="," >
      <if test="cityId != null" >
        city_id,
      </if>
      <if test="name != null" >
        name,
      </if>
      <if test="provinceId != null" >
        province_id,
      </if>
    </trim>
    <trim prefix="values (" suffix=")" suffixOverrides="," >
      <if test="cityId != null" >
        #{cityId,jdbcType=INTEGER},
      </if>
      <if test="name != null" >
        #{name,jdbcType=VARCHAR},
      </if>
      <if test="provinceId != null" >
        #{provinceId,jdbcType=INTEGER},
      </if>
    </trim>
  </insert>
  <update id="updateByPrimaryKeySelective" parameterType="cn.comshinetechchina.hyjxyl.domain.City" >
    <!--
      WARNING - @mbggenerated
      This element is automatically generated by MyBatis Generator, do not modify.
    -->
    update tbl_cities
    <set >
      <if test="name != null" >
        name = #{name,jdbcType=VARCHAR},
      </if>
      <if test="provinceId != null" >
        province_id = #{provinceId,jdbcType=INTEGER},
      </if>
    </set>
    where city_id = #{cityId,jdbcType=INTEGER}
  </update>
  <update id="updateByPrimaryKey" parameterType="cn.comshinetechchina.hyjxyl.domain.City" >
    <!--
      WARNING - @mbggenerated
      This element is automatically generated by MyBatis Generator, do not modify.
    -->
    update tbl_cities
    set name = #{name,jdbcType=VARCHAR},
      province_id = #{provinceId,jdbcType=INTEGER}
    where city_id = #{cityId,jdbcType=INTEGER}
  </update>
</mapper>