<?xml version="1.0" encoding="UTF-8"?>
<!DOCTYPE mapper PUBLIC "-//mybatis.org//DTD Mapper 3.0//EN" "http://mybatis.org/dtd/mybatis-3-mapper.dtd">
<mapper namespace="cn.comshinetechchina.hyjxyl.dao.mapper.ColumnMapper">
  <resultMap id="BaseResultMap" type="cn.comshinetechchina.hyjxyl.domain.Column">
    <!--
      WARNING - @mbggenerated
      This element is automatically generated by MyBatis Generator, do not modify.
    -->
    <id column="column_id" jdbcType="INTEGER" property="columnId" />
    <result column="column_name" jdbcType="VARCHAR" property="columnName" />
    <result column="description" jdbcType="VARCHAR" property="description" />
    <result column="available" jdbcType="INTEGER" property="available" />
    <result column="created_date" jdbcType="TIMESTAMP" property="createdDate" />
    <result column="updated_date" jdbcType="TIMESTAMP" property="updatedDate" />
    <result column="type" jdbcType="INTEGER" property="type" />
  </resultMap>
  <sql id="Base_Column_List">
    <!--
      WARNING - @mbggenerated
      This element is automatically generated by MyBatis Generator, do not modify.
    -->
    column_id, column_name, description, available, created_date, updated_date, type
  </sql>
  <select id="selectByPrimaryKey" parameterType="java.lang.Integer" resultMap="BaseResultMap">
    <!--
      WARNING - @mbggenerated
      This element is automatically generated by MyBatis Generator, do not modify.
    -->
    select 
    <include refid="Base_Column_List" />
    from tbl_columns
    where column_id = #{columnId,jdbcType=INTEGER}
  </select>
  <delete id="deleteByPrimaryKey" parameterType="java.lang.Integer">
    <!--
      WARNING - @mbggenerated
      This element is automatically generated by MyBatis Generator, do not modify.
    -->
    delete from tbl_columns
    where column_id = #{columnId,jdbcType=INTEGER}
  </delete>
  <insert id="insert" parameterType="cn.comshinetechchina.hyjxyl.domain.Column">
    <!--
      WARNING - @mbggenerated
      This element is automatically generated by MyBatis Generator, do not modify.
    -->
    insert into tbl_columns (column_id, column_name, description, 
      available, created_date, updated_date, 
      type)
    values (#{columnId,jdbcType=INTEGER}, #{columnName,jdbcType=VARCHAR}, #{description,jdbcType=VARCHAR}, 
      #{available,jdbcType=INTEGER}, #{createdDate,jdbcType=TIMESTAMP}, #{updatedDate,jdbcType=TIMESTAMP}, 
      #{type,jdbcType=INTEGER})
  </insert>
  <insert id="insertSelective" parameterType="cn.comshinetechchina.hyjxyl.domain.Column">
    <!--
      WARNING - @mbggenerated
      This element is automatically generated by MyBatis Generator, do not modify.
    -->
    insert into tbl_columns
    <trim prefix="(" suffix=")" suffixOverrides=",">
      <if test="columnId != null">
        column_id,
      </if>
      <if test="columnName != null">
        column_name,
      </if>
      <if test="description != null">
        description,
      </if>
      <if test="available != null">
        available,
      </if>
      <if test="createdDate != null">
        created_date,
      </if>
      <if test="updatedDate != null">
        updated_date,
      </if>
      <if test="type != null">
        type,
      </if>
    </trim>
    <trim prefix="values (" suffix=")" suffixOverrides=",">
      <if test="columnId != null">
        #{columnId,jdbcType=INTEGER},
      </if>
      <if test="columnName != null">
        #{columnName,jdbcType=VARCHAR},
      </if>
      <if test="description != null">
        #{description,jdbcType=VARCHAR},
      </if>
      <if test="available != null">
        #{available,jdbcType=INTEGER},
      </if>
      <if test="createdDate != null">
        #{createdDate,jdbcType=TIMESTAMP},
      </if>
      <if test="updatedDate != null">
        #{updatedDate,jdbcType=TIMESTAMP},
      </if>
      <if test="type != null">
        #{type,jdbcType=INTEGER},
      </if>
    </trim>
  </insert>
  <update id="updateByPrimaryKeySelective" parameterType="cn.comshinetechchina.hyjxyl.domain.Column">
    <!--
      WARNING - @mbggenerated
      This element is automatically generated by MyBatis Generator, do not modify.
    -->
    update tbl_columns
    <set>
      <if test="columnName != null">
        column_name = #{columnName,jdbcType=VARCHAR},
      </if>
      <if test="description != null">
        description = #{description,jdbcType=VARCHAR},
      </if>
      <if test="available != null">
        available = #{available,jdbcType=INTEGER},
      </if>
      <if test="createdDate != null">
        created_date = #{createdDate,jdbcType=TIMESTAMP},
      </if>
      <if test="updatedDate != null">
        updated_date = #{updatedDate,jdbcType=TIMESTAMP},
      </if>
      <if test="type != null">
        type = #{type,jdbcType=INTEGER},
      </if>
    </set>
    where column_id = #{columnId,jdbcType=INTEGER}
  </update>
  <update id="updateByPrimaryKey" parameterType="cn.comshinetechchina.hyjxyl.domain.Column">
    <!--
      WARNING - @mbggenerated
      This element is automatically generated by MyBatis Generator, do not modify.
    -->
    update tbl_columns
    set column_name = #{columnName,jdbcType=VARCHAR},
      description = #{description,jdbcType=VARCHAR},
      available = #{available,jdbcType=INTEGER},
      created_date = #{createdDate,jdbcType=TIMESTAMP},
      updated_date = #{updatedDate,jdbcType=TIMESTAMP},
      type = #{type,jdbcType=INTEGER}
    where column_id = #{columnId,jdbcType=INTEGER}
  </update>
</mapper>