<?xml version="1.0" encoding="UTF-8"?>
<!DOCTYPE mapper PUBLIC "-//mybatis.org//DTD Mapper 3.0//EN" "http://mybatis.org/dtd/mybatis-3-mapper.dtd">
<mapper namespace="cn.comshinetechchina.hyjxyl.dao.ColumnDao">
    <select id="queryColumnList" resultMap="cn.comshinetechchina.hyjxyl.dao.mapper.ColumnMapper.BaseResultMap" parameterType="java.util.HashMap">
     select
        <include refid="cn.comshinetechchina.hyjxyl.dao.mapper.ColumnMapper.Base_Column_List" />
     from
        tbl_columns
     where  1=1
        <if test="columnId!=null and columnId !=''">
            and column_id= #{columnId}
        </if>
        <if test="available!=null and available!=''">
            and available= #{available}
        </if>
        <if test="type!=null and type!=''">
            and type= #{type}
        </if>

        ORDER  by created_date desc
    </select>
</mapper>