<?xml version="1.0" encoding="UTF-8"?>
<!DOCTYPE mapper PUBLIC "-//mybatis.org//DTD Mapper 3.0//EN" "http://mybatis.org/dtd/mybatis-3-mapper.dtd">
<mapper namespace="cn.comshinetechchina.hyjxyl.dao.CommentDao">
    <resultMap id="BaseResultMap" type="cn.comshinetechchina.hyjxyl.domain.Comment" >
        <!--
          WARNING - @mbggenerated
          This element is automatically generated by MyBatis Generator, do not modify.
        -->
        <id column="comment_id" property="commentId" jdbcType="VARCHAR" />
        <result column="ref_id" property="refId" jdbcType="VARCHAR" />
        <result column="ref_type" property="refType" jdbcType="VARCHAR" />
        <result column="comment" property="comment" jdbcType="VARCHAR" />
        <result column="favour" property="favour" jdbcType="INTEGER" />
        <result column="available" property="available" jdbcType="INTEGER" />
        <result column="created_date" property="createdDate" jdbcType="TIMESTAMP" />
        <result column="create_by" property="createBy" jdbcType="VARCHAR" />
        <result column="update_date" property="updateDate" jdbcType="TIMESTAMP" />
        <result column="memberName" property="memberName" jdbcType="VARCHAR" />
    </resultMap>
    <select id="selectCommentList" resultMap="BaseResultMap" parameterType="java.util.HashMap">
        SELECT t.*,s.name as memberName FROM
        tbl_comments t
        LEFT JOIN tbl_member_extend  s ON t.create_by=s.member_id
     where  1=1
        <if test="refId!=null and refId !=''">
            and t.ref_id= #{refId}
        </if>
        <if test="refType!=null and refType!=''">
            and t.ref_type= #{refType}
        </if>
        <if test="available!=null and available!=''">
            and t.available= #{available}
        </if>
        ORDER  by t.created_date desc
    </select>
</mapper>