<?xml version="1.0" encoding="UTF-8" ?>
<!DOCTYPE mapper PUBLIC "-//mybatis.org//DTD Mapper 3.0//EN" "http://mybatis.org/dtd/mybatis-3-mapper.dtd" >
<mapper namespace="cn.comshinetechchina.hyjxyl.dao.mapper.CommentMapper" >
  <resultMap id="BaseResultMap" type="cn.comshinetechchina.hyjxyl.domain.Comment" >
    <!--
      WARNING - @mbggenerated
      This element is automatically generated by MyBatis Generator, do not modify.
    -->
    <id column="comment_id" property="commentId" jdbcType="VARCHAR" />
    <result column="ref_id" property="refId" jdbcType="VARCHAR" />
    <result column="ref_type" property="refType" jdbcType="VARCHAR" />
    <result column="comment" property="comment" jdbcType="VARCHAR" />
    <result column="favour" property="favour" jdbcType="INTEGER" />
    <result column="available" property="available" jdbcType="INTEGER" />
    <result column="created_date" property="createdDate" jdbcType="TIMESTAMP" />
    <result column="create_by" property="createBy" jdbcType="VARCHAR" />
    <result column="update_date" property="updateDate" jdbcType="TIMESTAMP" />
  </resultMap>
  <sql id="Base_Column_List" >
    <!--
      WARNING - @mbggenerated
      This element is automatically generated by MyBatis Generator, do not modify.
    -->
    comment_id, ref_id, ref_type, comment, favour, available, created_date, create_by, 
    update_date
  </sql>
  <select id="selectByPrimaryKey" resultMap="BaseResultMap" parameterType="java.lang.String" >
    <!--
      WARNING - @mbggenerated
      This element is automatically generated by MyBatis Generator, do not modify.
    -->
    select 
    <include refid="Base_Column_List" />
    from tbl_comments
    where comment_id = #{commentId,jdbcType=VARCHAR}
  </select>
  <delete id="deleteByPrimaryKey" parameterType="java.lang.String" >
    <!--
      WARNING - @mbggenerated
      This element is automatically generated by MyBatis Generator, do not modify.
    -->
    delete from tbl_comments
    where comment_id = #{commentId,jdbcType=VARCHAR}
  </delete>
  <insert id="insert" parameterType="cn.comshinetechchina.hyjxyl.domain.Comment" >
    <!--
      WARNING - @mbggenerated
      This element is automatically generated by MyBatis Generator, do not modify.
    -->
    insert into tbl_comments (comment_id, ref_id, ref_type, 
      comment, favour, available, 
      created_date, create_by, update_date
      )
    values (#{commentId,jdbcType=VARCHAR}, #{refId,jdbcType=VARCHAR}, #{refType,jdbcType=VARCHAR}, 
      #{comment,jdbcType=VARCHAR}, #{favour,jdbcType=INTEGER}, #{available,jdbcType=INTEGER}, 
      #{createdDate,jdbcType=TIMESTAMP}, #{createBy,jdbcType=VARCHAR}, #{updateDate,jdbcType=TIMESTAMP}
      )
  </insert>
  <insert id="insertSelective" parameterType="cn.comshinetechchina.hyjxyl.domain.Comment" >
    <!--
      WARNING - @mbggenerated
      This element is automatically generated by MyBatis Generator, do not modify.
    -->
    insert into tbl_comments
    <trim prefix="(" suffix=")" suffixOverrides="," >
      <if test="commentId != null" >
        comment_id,
      </if>
      <if test="refId != null" >
        ref_id,
      </if>
      <if test="refType != null" >
        ref_type,
      </if>
      <if test="comment != null" >
        comment,
      </if>
      <if test="favour != null" >
        favour,
      </if>
      <if test="available != null" >
        available,
      </if>
      <if test="createdDate != null" >
        created_date,
      </if>
      <if test="createBy != null" >
        create_by,
      </if>
      <if test="updateDate != null" >
        update_date,
      </if>
    </trim>
    <trim prefix="values (" suffix=")" suffixOverrides="," >
      <if test="commentId != null" >
        #{commentId,jdbcType=VARCHAR},
      </if>
      <if test="refId != null" >
        #{refId,jdbcType=VARCHAR},
      </if>
      <if test="refType != null" >
        #{refType,jdbcType=VARCHAR},
      </if>
      <if test="comment != null" >
        #{comment,jdbcType=VARCHAR},
      </if>
      <if test="favour != null" >
        #{favour,jdbcType=INTEGER},
      </if>
      <if test="available != null" >
        #{available,jdbcType=INTEGER},
      </if>
      <if test="createdDate != null" >
        #{createdDate,jdbcType=TIMESTAMP},
      </if>
      <if test="createBy != null" >
        #{createBy,jdbcType=VARCHAR},
      </if>
      <if test="updateDate != null" >
        #{updateDate,jdbcType=TIMESTAMP},
      </if>
    </trim>
  </insert>
  <update id="updateByPrimaryKeySelective" parameterType="cn.comshinetechchina.hyjxyl.domain.Comment" >
    <!--
      WARNING - @mbggenerated
      This element is automatically generated by MyBatis Generator, do not modify.
    -->
    update tbl_comments
    <set >
      <if test="refId != null" >
        ref_id = #{refId,jdbcType=VARCHAR},
      </if>
      <if test="refType != null" >
        ref_type = #{refType,jdbcType=VARCHAR},
      </if>
      <if test="comment != null" >
        comment = #{comment,jdbcType=VARCHAR},
      </if>
      <if test="favour != null" >
        favour = #{favour,jdbcType=INTEGER},
      </if>
      <if test="available != null" >
        available = #{available,jdbcType=INTEGER},
      </if>
      <if test="createdDate != null" >
        created_date = #{createdDate,jdbcType=TIMESTAMP},
      </if>
      <if test="createBy != null" >
        create_by = #{createBy,jdbcType=VARCHAR},
      </if>
      <if test="updateDate != null" >
        update_date = #{updateDate,jdbcType=TIMESTAMP},
      </if>
    </set>
    where comment_id = #{commentId,jdbcType=VARCHAR}
  </update>
  <update id="updateByPrimaryKey" parameterType="cn.comshinetechchina.hyjxyl.domain.Comment" >
    <!--
      WARNING - @mbggenerated
      This element is automatically generated by MyBatis Generator, do not modify.
    -->
    update tbl_comments
    set ref_id = #{refId,jdbcType=VARCHAR},
      ref_type = #{refType,jdbcType=VARCHAR},
      comment = #{comment,jdbcType=VARCHAR},
      favour = #{favour,jdbcType=INTEGER},
      available = #{available,jdbcType=INTEGER},
      created_date = #{createdDate,jdbcType=TIMESTAMP},
      create_by = #{createBy,jdbcType=VARCHAR},
      update_date = #{updateDate,jdbcType=TIMESTAMP}
    where comment_id = #{commentId,jdbcType=VARCHAR}
  </update>
</mapper>