<?xml version="1.0" encoding="UTF-8"?>
<!DOCTYPE mapper PUBLIC "-//mybatis.org//DTD Mapper 3.0//EN" "http://mybatis.org/dtd/mybatis-3-mapper.dtd">
<mapper namespace="cn.comshinetechchina.hyjxyl.dao.ConfigDao">
    <select id="selectConfigList" resultMap="cn.comshinetechchina.hyjxyl.dao.mapper.ConfigMapper.BaseResultMap" parameterType="java.util.HashMap">
     select
        <include refid="cn.comshinetechchina.hyjxyl.dao.mapper.ConfigMapper.Base_Column_List" />
     from
        tbl_config
     where  1=1
        <if test="code!=null and code !=''">
            and config_code= #{code}
        </if>
        <if test="isActive!=null">
            and is_Active= #{isActive}
        </if>
        <if test="configValue!=null">
            and config_value= #{configValue}
        </if>
        ORDER  by config_id asc
    </select>
</mapper>