<?xml version="1.0" encoding="UTF-8" ?>
<!DOCTYPE mapper PUBLIC "-//mybatis.org//DTD Mapper 3.0//EN" "http://mybatis.org/dtd/mybatis-3-mapper.dtd" >
<mapper namespace="cn.comshinetechchina.hyjxyl.dao.mapper.ConfigMapper" >
  <resultMap id="BaseResultMap" type="cn.comshinetechchina.hyjxyl.domain.Config" >
    <!--
      WARNING - @mbggenerated
      This element is automatically generated by MyBatis Generator, do not modify.
    -->
    <id column="CONFIG_ID" property="configId" jdbcType="VARCHAR" />
    <result column="CONFIG_CODE" property="configCode" jdbcType="VARCHAR" />
    <result column="CONFIG_NAME" property="configName" jdbcType="VARCHAR" />
    <result column="CONFIG_VALUE" property="configValue" jdbcType="VARCHAR" />
    <result column="COMMENTS" property="comments" jdbcType="VARCHAR" />
    <result column="CREATE_BY" property="createBy" jdbcType="VARCHAR" />
    <result column="CREATE_TIME" property="createTime" jdbcType="TIMESTAMP" />
    <result column="LAST_MODIFIED_BY" property="lastModifiedBy" jdbcType="VARCHAR" />
    <result column="LAST_MODIFIED_TIME" property="lastModifiedTime" jdbcType="TIMESTAMP" />
    <result column="IS_ACTIVE" property="isActive" jdbcType="CHAR" />
  </resultMap>
  <sql id="Base_Column_List" >
    <!--
      WARNING - @mbggenerated
      This element is automatically generated by MyBatis Generator, do not modify.
    -->
    CONFIG_ID, CONFIG_CODE, CONFIG_NAME, CONFIG_VALUE, COMMENTS, CREATE_BY, CREATE_TIME, 
    LAST_MODIFIED_BY, LAST_MODIFIED_TIME, IS_ACTIVE
  </sql>
  <select id="selectByPrimaryKey" resultMap="BaseResultMap" parameterType="java.lang.String" >
    <!--
      WARNING - @mbggenerated
      This element is automatically generated by MyBatis Generator, do not modify.
    -->
    select 
    <include refid="Base_Column_List" />
    from tbl_config
    where CONFIG_ID = #{configId,jdbcType=VARCHAR}
  </select>
  <delete id="deleteByPrimaryKey" parameterType="java.lang.String" >
    <!--
      WARNING - @mbggenerated
      This element is automatically generated by MyBatis Generator, do not modify.
    -->
    delete from tbl_config
    where CONFIG_ID = #{configId,jdbcType=VARCHAR}
  </delete>
  <insert id="insert" parameterType="cn.comshinetechchina.hyjxyl.domain.Config" >
    <!--
      WARNING - @mbggenerated
      This element is automatically generated by MyBatis Generator, do not modify.
    -->
    insert into tbl_config (CONFIG_ID, CONFIG_CODE, CONFIG_NAME, 
      CONFIG_VALUE, COMMENTS, CREATE_BY, 
      CREATE_TIME, LAST_MODIFIED_BY, LAST_MODIFIED_TIME, 
      IS_ACTIVE)
    values (#{configId,jdbcType=VARCHAR}, #{configCode,jdbcType=VARCHAR}, #{configName,jdbcType=VARCHAR}, 
      #{configValue,jdbcType=VARCHAR}, #{comments,jdbcType=VARCHAR}, #{createBy,jdbcType=VARCHAR}, 
      #{createTime,jdbcType=TIMESTAMP}, #{lastModifiedBy,jdbcType=VARCHAR}, #{lastModifiedTime,jdbcType=TIMESTAMP}, 
      #{isActive,jdbcType=CHAR})
  </insert>
  <insert id="insertSelective" parameterType="cn.comshinetechchina.hyjxyl.domain.Config" >
    <!--
      WARNING - @mbggenerated
      This element is automatically generated by MyBatis Generator, do not modify.
    -->
    insert into tbl_config
    <trim prefix="(" suffix=")" suffixOverrides="," >
      <if test="configId != null" >
        CONFIG_ID,
      </if>
      <if test="configCode != null" >
        CONFIG_CODE,
      </if>
      <if test="configName != null" >
        CONFIG_NAME,
      </if>
      <if test="configValue != null" >
        CONFIG_VALUE,
      </if>
      <if test="comments != null" >
        COMMENTS,
      </if>
      <if test="createBy != null" >
        CREATE_BY,
      </if>
      <if test="createTime != null" >
        CREATE_TIME,
      </if>
      <if test="lastModifiedBy != null" >
        LAST_MODIFIED_BY,
      </if>
      <if test="lastModifiedTime != null" >
        LAST_MODIFIED_TIME,
      </if>
      <if test="isActive != null" >
        IS_ACTIVE,
      </if>
    </trim>
    <trim prefix="values (" suffix=")" suffixOverrides="," >
      <if test="configId != null" >
        #{configId,jdbcType=VARCHAR},
      </if>
      <if test="configCode != null" >
        #{configCode,jdbcType=VARCHAR},
      </if>
      <if test="configName != null" >
        #{configName,jdbcType=VARCHAR},
      </if>
      <if test="configValue != null" >
        #{configValue,jdbcType=VARCHAR},
      </if>
      <if test="comments != null" >
        #{comments,jdbcType=VARCHAR},
      </if>
      <if test="createBy != null" >
        #{createBy,jdbcType=VARCHAR},
      </if>
      <if test="createTime != null" >
        #{createTime,jdbcType=TIMESTAMP},
      </if>
      <if test="lastModifiedBy != null" >
        #{lastModifiedBy,jdbcType=VARCHAR},
      </if>
      <if test="lastModifiedTime != null" >
        #{lastModifiedTime,jdbcType=TIMESTAMP},
      </if>
      <if test="isActive != null" >
        #{isActive,jdbcType=CHAR},
      </if>
    </trim>
  </insert>
  <update id="updateByPrimaryKeySelective" parameterType="cn.comshinetechchina.hyjxyl.domain.Config" >
    <!--
      WARNING - @mbggenerated
      This element is automatically generated by MyBatis Generator, do not modify.
    -->
    update tbl_config
    <set >
      <if test="configCode != null" >
        CONFIG_CODE = #{configCode,jdbcType=VARCHAR},
      </if>
      <if test="configName != null" >
        CONFIG_NAME = #{configName,jdbcType=VARCHAR},
      </if>
      <if test="configValue != null" >
        CONFIG_VALUE = #{configValue,jdbcType=VARCHAR},
      </if>
      <if test="comments != null" >
        COMMENTS = #{comments,jdbcType=VARCHAR},
      </if>
      <if test="createBy != null" >
        CREATE_BY = #{createBy,jdbcType=VARCHAR},
      </if>
      <if test="createTime != null" >
        CREATE_TIME = #{createTime,jdbcType=TIMESTAMP},
      </if>
      <if test="lastModifiedBy != null" >
        LAST_MODIFIED_BY = #{lastModifiedBy,jdbcType=VARCHAR},
      </if>
      <if test="lastModifiedTime != null" >
        LAST_MODIFIED_TIME = #{lastModifiedTime,jdbcType=TIMESTAMP},
      </if>
      <if test="isActive != null" >
        IS_ACTIVE = #{isActive,jdbcType=CHAR},
      </if>
    </set>
    where CONFIG_ID = #{configId,jdbcType=VARCHAR}
  </update>
  <update id="updateByPrimaryKey" parameterType="cn.comshinetechchina.hyjxyl.domain.Config" >
    <!--
      WARNING - @mbggenerated
      This element is automatically generated by MyBatis Generator, do not modify.
    -->
    update tbl_config
    set CONFIG_CODE = #{configCode,jdbcType=VARCHAR},
      CONFIG_NAME = #{configName,jdbcType=VARCHAR},
      CONFIG_VALUE = #{configValue,jdbcType=VARCHAR},
      COMMENTS = #{comments,jdbcType=VARCHAR},
      CREATE_BY = #{createBy,jdbcType=VARCHAR},
      CREATE_TIME = #{createTime,jdbcType=TIMESTAMP},
      LAST_MODIFIED_BY = #{lastModifiedBy,jdbcType=VARCHAR},
      LAST_MODIFIED_TIME = #{lastModifiedTime,jdbcType=TIMESTAMP},
      IS_ACTIVE = #{isActive,jdbcType=CHAR}
    where CONFIG_ID = #{configId,jdbcType=VARCHAR}
  </update>
</mapper>