<?xml version="1.0" encoding="UTF-8"?>
<!DOCTYPE mapper PUBLIC "-//mybatis.org//DTD Mapper 3.0//EN" "http://mybatis.org/dtd/mybatis-3-mapper.dtd">
<mapper namespace="cn.comshinetechchina.hyjxyl.dao.mapper.ContentMapper">
  <resultMap id="BaseResultMap" type="cn.comshinetechchina.hyjxyl.domain.Content">
    <!--
      WARNING - @mbggenerated
      This element is automatically generated by MyBatis Generator, do not modify.
    -->
    <id column="CONTENT_ID" jdbcType="VARCHAR" property="contentId" />
    <result column="CONTENT_TYPE_ID" jdbcType="BIGINT" property="contentTypeId" />
    <result column="FILE_NAME" jdbcType="VARCHAR" property="fileName" />
    <result column="FILE_SIZE" jdbcType="BIGINT" property="fileSize" />
    <result column="CONTENT_URL" jdbcType="VARCHAR" property="contentUrl" />
    <result column="COMMENTS" jdbcType="VARCHAR" property="comments" />
    <result column="CREATE_BY" jdbcType="VARCHAR" property="createBy" />
    <result column="CREATE_TIME" jdbcType="TIMESTAMP" property="createTime" />
    <result column="LAST_MODIFIED_BY" jdbcType="VARCHAR" property="lastModifiedBy" />
    <result column="LAST_MODIFIED_TIME" jdbcType="TIMESTAMP" property="lastModifiedTime" />
  </resultMap>
  <sql id="Base_Column_List">
    <!--
      WARNING - @mbggenerated
      This element is automatically generated by MyBatis Generator, do not modify.
    -->
    CONTENT_ID, CONTENT_TYPE_ID, FILE_NAME, FILE_SIZE, CONTENT_URL, COMMENTS, CREATE_BY, 
    CREATE_TIME, LAST_MODIFIED_BY, LAST_MODIFIED_TIME
  </sql>
  <select id="selectByPrimaryKey" parameterType="java.lang.String" resultMap="BaseResultMap">
    <!--
      WARNING - @mbggenerated
      This element is automatically generated by MyBatis Generator, do not modify.
    -->
    select 
    <include refid="Base_Column_List" />
    from tbl_content
    where CONTENT_ID = #{contentId,jdbcType=VARCHAR}
  </select>
  <delete id="deleteByPrimaryKey" parameterType="java.lang.String">
    <!--
      WARNING - @mbggenerated
      This element is automatically generated by MyBatis Generator, do not modify.
    -->
    delete from tbl_content
    where CONTENT_ID = #{contentId,jdbcType=VARCHAR}
  </delete>
  <insert id="insert" parameterType="cn.comshinetechchina.hyjxyl.domain.Content">
    <!--
      WARNING - @mbggenerated
      This element is automatically generated by MyBatis Generator, do not modify.
    -->
    insert into tbl_content (CONTENT_ID, CONTENT_TYPE_ID, FILE_NAME, 
      FILE_SIZE, CONTENT_URL, COMMENTS, 
      CREATE_BY, CREATE_TIME, LAST_MODIFIED_BY, 
      LAST_MODIFIED_TIME)
    values (#{contentId,jdbcType=VARCHAR}, #{contentTypeId,jdbcType=BIGINT}, #{fileName,jdbcType=VARCHAR}, 
      #{fileSize,jdbcType=BIGINT}, #{contentUrl,jdbcType=VARCHAR}, #{comments,jdbcType=VARCHAR}, 
      #{createBy,jdbcType=VARCHAR}, #{createTime,jdbcType=TIMESTAMP}, #{lastModifiedBy,jdbcType=VARCHAR}, 
      #{lastModifiedTime,jdbcType=TIMESTAMP})
  </insert>
  <insert id="insertSelective" parameterType="cn.comshinetechchina.hyjxyl.domain.Content">
    <!--
      WARNING - @mbggenerated
      This element is automatically generated by MyBatis Generator, do not modify.
    -->
    insert into tbl_content
    <trim prefix="(" suffix=")" suffixOverrides=",">
      <if test="contentId != null">
        CONTENT_ID,
      </if>
      <if test="contentTypeId != null">
        CONTENT_TYPE_ID,
      </if>
      <if test="fileName != null">
        FILE_NAME,
      </if>
      <if test="fileSize != null">
        FILE_SIZE,
      </if>
      <if test="contentUrl != null">
        CONTENT_URL,
      </if>
      <if test="comments != null">
        COMMENTS,
      </if>
      <if test="createBy != null">
        CREATE_BY,
      </if>
      <if test="createTime != null">
        CREATE_TIME,
      </if>
      <if test="lastModifiedBy != null">
        LAST_MODIFIED_BY,
      </if>
      <if test="lastModifiedTime != null">
        LAST_MODIFIED_TIME,
      </if>
    </trim>
    <trim prefix="values (" suffix=")" suffixOverrides=",">
      <if test="contentId != null">
        #{contentId,jdbcType=VARCHAR},
      </if>
      <if test="contentTypeId != null">
        #{contentTypeId,jdbcType=BIGINT},
      </if>
      <if test="fileName != null">
        #{fileName,jdbcType=VARCHAR},
      </if>
      <if test="fileSize != null">
        #{fileSize,jdbcType=BIGINT},
      </if>
      <if test="contentUrl != null">
        #{contentUrl,jdbcType=VARCHAR},
      </if>
      <if test="comments != null">
        #{comments,jdbcType=VARCHAR},
      </if>
      <if test="createBy != null">
        #{createBy,jdbcType=VARCHAR},
      </if>
      <if test="createTime != null">
        #{createTime,jdbcType=TIMESTAMP},
      </if>
      <if test="lastModifiedBy != null">
        #{lastModifiedBy,jdbcType=VARCHAR},
      </if>
      <if test="lastModifiedTime != null">
        #{lastModifiedTime,jdbcType=TIMESTAMP},
      </if>
    </trim>
  </insert>
  <update id="updateByPrimaryKeySelective" parameterType="cn.comshinetechchina.hyjxyl.domain.Content">
    <!--
      WARNING - @mbggenerated
      This element is automatically generated by MyBatis Generator, do not modify.
    -->
    update tbl_content
    <set>
      <if test="contentTypeId != null">
        CONTENT_TYPE_ID = #{contentTypeId,jdbcType=BIGINT},
      </if>
      <if test="fileName != null">
        FILE_NAME = #{fileName,jdbcType=VARCHAR},
      </if>
      <if test="fileSize != null">
        FILE_SIZE = #{fileSize,jdbcType=BIGINT},
      </if>
      <if test="contentUrl != null">
        CONTENT_URL = #{contentUrl,jdbcType=VARCHAR},
      </if>
      <if test="comments != null">
        COMMENTS = #{comments,jdbcType=VARCHAR},
      </if>
      <if test="createBy != null">
        CREATE_BY = #{createBy,jdbcType=VARCHAR},
      </if>
      <if test="createTime != null">
        CREATE_TIME = #{createTime,jdbcType=TIMESTAMP},
      </if>
      <if test="lastModifiedBy != null">
        LAST_MODIFIED_BY = #{lastModifiedBy,jdbcType=VARCHAR},
      </if>
      <if test="lastModifiedTime != null">
        LAST_MODIFIED_TIME = #{lastModifiedTime,jdbcType=TIMESTAMP},
      </if>
    </set>
    where CONTENT_ID = #{contentId,jdbcType=VARCHAR}
  </update>
  <update id="updateByPrimaryKey" parameterType="cn.comshinetechchina.hyjxyl.domain.Content">
    <!--
      WARNING - @mbggenerated
      This element is automatically generated by MyBatis Generator, do not modify.
    -->
    update tbl_content
    set CONTENT_TYPE_ID = #{contentTypeId,jdbcType=BIGINT},
      FILE_NAME = #{fileName,jdbcType=VARCHAR},
      FILE_SIZE = #{fileSize,jdbcType=BIGINT},
      CONTENT_URL = #{contentUrl,jdbcType=VARCHAR},
      COMMENTS = #{comments,jdbcType=VARCHAR},
      CREATE_BY = #{createBy,jdbcType=VARCHAR},
      CREATE_TIME = #{createTime,jdbcType=TIMESTAMP},
      LAST_MODIFIED_BY = #{lastModifiedBy,jdbcType=VARCHAR},
      LAST_MODIFIED_TIME = #{lastModifiedTime,jdbcType=TIMESTAMP}
    where CONTENT_ID = #{contentId,jdbcType=VARCHAR}
  </update>
</mapper>