<?xml version="1.0" encoding="UTF-8" ?>
<!DOCTYPE mapper PUBLIC "-//mybatis.org//DTD Mapper 3.0//EN" "http://mybatis.org/dtd/mybatis-3-mapper.dtd" >
<mapper namespace="cn.comshinetechchina.hyjxyl.dao.mapper.ContentRefMapper" >
  <resultMap id="BaseResultMap" type="cn.comshinetechchina.hyjxyl.domain.ContentRef" >
    <!--
      WARNING - @mbggenerated
      This element is automatically generated by MyBatis Generator, do not modify.
    -->
    <id column="CONTENT_REF_ID" property="contentRefId" jdbcType="VARCHAR" />
    <result column="CONTENT_ID" property="contentId" jdbcType="VARCHAR" />
    <result column="CONTENT_REF_TYPE" property="contentRefType" jdbcType="VARCHAR" />
    <result column="CONTENT_REF_CODE" property="contentRefCode" jdbcType="VARCHAR" />
    <result column="EXTERNAL_ID" property="externalId" jdbcType="VARCHAR" />
    <result column="COMMENTS" property="comments" jdbcType="VARCHAR" />
    <result column="CREATE_BY" property="createBy" jdbcType="VARCHAR" />
    <result column="CREATE_TIME" property="createTime" jdbcType="TIMESTAMP" />
  </resultMap>
  <sql id="Base_Column_List" >
    <!--
      WARNING - @mbggenerated
      This element is automatically generated by MyBatis Generator, do not modify.
    -->
    CONTENT_REF_ID, CONTENT_ID, CONTENT_REF_TYPE, CONTENT_REF_CODE, EXTERNAL_ID, COMMENTS, 
    CREATE_BY, CREATE_TIME
  </sql>
  <select id="selectByPrimaryKey" resultMap="BaseResultMap" parameterType="java.lang.String" >
    <!--
      WARNING - @mbggenerated
      This element is automatically generated by MyBatis Generator, do not modify.
    -->
    select 
    <include refid="Base_Column_List" />
    from tbl_content_ref
    where CONTENT_REF_ID = #{contentRefId,jdbcType=VARCHAR}
  </select>
  <delete id="deleteByPrimaryKey" parameterType="java.lang.String" >
    <!--
      WARNING - @mbggenerated
      This element is automatically generated by MyBatis Generator, do not modify.
    -->
    delete from tbl_content_ref
    where CONTENT_REF_ID = #{contentRefId,jdbcType=VARCHAR}
  </delete>
  <insert id="insert" parameterType="cn.comshinetechchina.hyjxyl.domain.ContentRef" >
    <!--
      WARNING - @mbggenerated
      This element is automatically generated by MyBatis Generator, do not modify.
    -->
    insert into tbl_content_ref (CONTENT_REF_ID, CONTENT_ID, CONTENT_REF_TYPE, 
      CONTENT_REF_CODE, EXTERNAL_ID, COMMENTS, 
      CREATE_BY, CREATE_TIME)
    values (#{contentRefId,jdbcType=VARCHAR}, #{contentId,jdbcType=VARCHAR}, #{contentRefType,jdbcType=VARCHAR}, 
      #{contentRefCode,jdbcType=VARCHAR}, #{externalId,jdbcType=VARCHAR}, #{comments,jdbcType=VARCHAR}, 
      #{createBy,jdbcType=VARCHAR}, #{createTime,jdbcType=TIMESTAMP})
  </insert>
  <insert id="insertSelective" parameterType="cn.comshinetechchina.hyjxyl.domain.ContentRef" >
    <!--
      WARNING - @mbggenerated
      This element is automatically generated by MyBatis Generator, do not modify.
    -->
    insert into tbl_content_ref
    <trim prefix="(" suffix=")" suffixOverrides="," >
      <if test="contentRefId != null" >
        CONTENT_REF_ID,
      </if>
      <if test="contentId != null" >
        CONTENT_ID,
      </if>
      <if test="contentRefType != null" >
        CONTENT_REF_TYPE,
      </if>
      <if test="contentRefCode != null" >
        CONTENT_REF_CODE,
      </if>
      <if test="externalId != null" >
        EXTERNAL_ID,
      </if>
      <if test="comments != null" >
        COMMENTS,
      </if>
      <if test="createBy != null" >
        CREATE_BY,
      </if>
      <if test="createTime != null" >
        CREATE_TIME,
      </if>
    </trim>
    <trim prefix="values (" suffix=")" suffixOverrides="," >
      <if test="contentRefId != null" >
        #{contentRefId,jdbcType=VARCHAR},
      </if>
      <if test="contentId != null" >
        #{contentId,jdbcType=VARCHAR},
      </if>
      <if test="contentRefType != null" >
        #{contentRefType,jdbcType=VARCHAR},
      </if>
      <if test="contentRefCode != null" >
        #{contentRefCode,jdbcType=VARCHAR},
      </if>
      <if test="externalId != null" >
        #{externalId,jdbcType=VARCHAR},
      </if>
      <if test="comments != null" >
        #{comments,jdbcType=VARCHAR},
      </if>
      <if test="createBy != null" >
        #{createBy,jdbcType=VARCHAR},
      </if>
      <if test="createTime != null" >
        #{createTime,jdbcType=TIMESTAMP},
      </if>
    </trim>
  </insert>
  <update id="updateByPrimaryKeySelective" parameterType="cn.comshinetechchina.hyjxyl.domain.ContentRef" >
    <!--
      WARNING - @mbggenerated
      This element is automatically generated by MyBatis Generator, do not modify.
    -->
    update tbl_content_ref
    <set >
      <if test="contentId != null" >
        CONTENT_ID = #{contentId,jdbcType=VARCHAR},
      </if>
      <if test="contentRefType != null" >
        CONTENT_REF_TYPE = #{contentRefType,jdbcType=VARCHAR},
      </if>
      <if test="contentRefCode != null" >
        CONTENT_REF_CODE = #{contentRefCode,jdbcType=VARCHAR},
      </if>
      <if test="externalId != null" >
        EXTERNAL_ID = #{externalId,jdbcType=VARCHAR},
      </if>
      <if test="comments != null" >
        COMMENTS = #{comments,jdbcType=VARCHAR},
      </if>
      <if test="createBy != null" >
        CREATE_BY = #{createBy,jdbcType=VARCHAR},
      </if>
      <if test="createTime != null" >
        CREATE_TIME = #{createTime,jdbcType=TIMESTAMP},
      </if>
    </set>
    where CONTENT_REF_ID = #{contentRefId,jdbcType=VARCHAR}
  </update>
  <update id="updateByPrimaryKey" parameterType="cn.comshinetechchina.hyjxyl.domain.ContentRef" >
    <!--
      WARNING - @mbggenerated
      This element is automatically generated by MyBatis Generator, do not modify.
    -->
    update tbl_content_ref
    set CONTENT_ID = #{contentId,jdbcType=VARCHAR},
      CONTENT_REF_TYPE = #{contentRefType,jdbcType=VARCHAR},
      CONTENT_REF_CODE = #{contentRefCode,jdbcType=VARCHAR},
      EXTERNAL_ID = #{externalId,jdbcType=VARCHAR},
      COMMENTS = #{comments,jdbcType=VARCHAR},
      CREATE_BY = #{createBy,jdbcType=VARCHAR},
      CREATE_TIME = #{createTime,jdbcType=TIMESTAMP}
    where CONTENT_REF_ID = #{contentRefId,jdbcType=VARCHAR}
  </update>
</mapper>