<?xml version="1.0" encoding="UTF-8"?>
<!DOCTYPE mapper PUBLIC "-//mybatis.org//DTD Mapper 3.0//EN" "http://mybatis.org/dtd/mybatis-3-mapper.dtd">
<mapper namespace="cn.comshinetechchina.hyjxyl.dao.ContentDao">
    <select id="selectContentsById" resultMap="cn.comshinetechchina.hyjxyl.dao.mapper.ContentMapper.BaseResultMap" parameterType="java.util.HashMap">
     select
        con.*
     from
        tbl_content con
        LEFT JOIN tbl_content_ref ref
        ON con.`CONTENT_ID`=ref.`CONTENT_ID`
        WHERE 1=1
        <if test="tableName!=null and tableName!='' ">
           AND ref.`CONTENT_REF_TYPE`=#{tableName}
        </if>
        <if test="contentTypeId!=null and contentTypeId!='' ">
           AND con.`CONTENT_TYPE_ID`=#{contentTypeId}
        </if>
        <if test="busiId!=null and busiId!='' ">
           AND ref.`EXTERNAL_ID`=#{busiId}
        </if>
          ORDER BY con.`CREATE_TIME` desc
    </select>
</mapper>