<?xml version="1.0" encoding="UTF-8" ?>
<!DOCTYPE mapper PUBLIC "-//mybatis.org//DTD Mapper 3.0//EN" "http://mybatis.org/dtd/mybatis-3-mapper.dtd" >
<mapper namespace="cn.comshinetechchina.hyjxyl.dao.mapper.ContentTypeMapper" >
  <resultMap id="BaseResultMap" type="cn.comshinetechchina.hyjxyl.domain.ContentType" >
    <!--
      WARNING - @mbggenerated
      This element is automatically generated by MyBatis Generator, do not modify.
    -->
    <id column="CONTENT_TYPE_ID" property="contentTypeId" jdbcType="BIGINT" />
    <result column="CONTENT_TYPE_CODE" property="contentTypeCode" jdbcType="VARCHAR" />
    <result column="CONTENT_TYPE_NAME" property="contentTypeName" jdbcType="VARCHAR" />
    <result column="IS_ACTIVE" property="isActive" jdbcType="BIGINT" />
    <result column="COMMENTS" property="comments" jdbcType="VARCHAR" />
    <result column="CREATE_BY" property="createBy" jdbcType="VARCHAR" />
    <result column="CREATE_TIME" property="createTime" jdbcType="TIMESTAMP" />
  </resultMap>
  <sql id="Base_Column_List" >
    <!--
      WARNING - @mbggenerated
      This element is automatically generated by MyBatis Generator, do not modify.
    -->
    CONTENT_TYPE_ID, CONTENT_TYPE_CODE, CONTENT_TYPE_NAME, IS_ACTIVE, COMMENTS, CREATE_BY, 
    CREATE_TIME
  </sql>
  <select id="selectByPrimaryKey" resultMap="BaseResultMap" parameterType="java.lang.Long" >
    <!--
      WARNING - @mbggenerated
      This element is automatically generated by MyBatis Generator, do not modify.
    -->
    select 
    <include refid="Base_Column_List" />
    from tbl_content_type
    where CONTENT_TYPE_ID = #{contentTypeId,jdbcType=BIGINT}
  </select>
  <delete id="deleteByPrimaryKey" parameterType="java.lang.Long" >
    <!--
      WARNING - @mbggenerated
      This element is automatically generated by MyBatis Generator, do not modify.
    -->
    delete from tbl_content_type
    where CONTENT_TYPE_ID = #{contentTypeId,jdbcType=BIGINT}
  </delete>
  <insert id="insert" parameterType="cn.comshinetechchina.hyjxyl.domain.ContentType" >
    <!--
      WARNING - @mbggenerated
      This element is automatically generated by MyBatis Generator, do not modify.
    -->
    insert into tbl_content_type (CONTENT_TYPE_ID, CONTENT_TYPE_CODE, CONTENT_TYPE_NAME, 
      IS_ACTIVE, COMMENTS, CREATE_BY, 
      CREATE_TIME)
    values (#{contentTypeId,jdbcType=BIGINT}, #{contentTypeCode,jdbcType=VARCHAR}, #{contentTypeName,jdbcType=VARCHAR}, 
      #{isActive,jdbcType=BIGINT}, #{comments,jdbcType=VARCHAR}, #{createBy,jdbcType=VARCHAR}, 
      #{createTime,jdbcType=TIMESTAMP})
  </insert>
  <insert id="insertSelective" parameterType="cn.comshinetechchina.hyjxyl.domain.ContentType" >
    <!--
      WARNING - @mbggenerated
      This element is automatically generated by MyBatis Generator, do not modify.
    -->
    insert into tbl_content_type
    <trim prefix="(" suffix=")" suffixOverrides="," >
      <if test="contentTypeId != null" >
        CONTENT_TYPE_ID,
      </if>
      <if test="contentTypeCode != null" >
        CONTENT_TYPE_CODE,
      </if>
      <if test="contentTypeName != null" >
        CONTENT_TYPE_NAME,
      </if>
      <if test="isActive != null" >
        IS_ACTIVE,
      </if>
      <if test="comments != null" >
        COMMENTS,
      </if>
      <if test="createBy != null" >
        CREATE_BY,
      </if>
      <if test="createTime != null" >
        CREATE_TIME,
      </if>
    </trim>
    <trim prefix="values (" suffix=")" suffixOverrides="," >
      <if test="contentTypeId != null" >
        #{contentTypeId,jdbcType=BIGINT},
      </if>
      <if test="contentTypeCode != null" >
        #{contentTypeCode,jdbcType=VARCHAR},
      </if>
      <if test="contentTypeName != null" >
        #{contentTypeName,jdbcType=VARCHAR},
      </if>
      <if test="isActive != null" >
        #{isActive,jdbcType=BIGINT},
      </if>
      <if test="comments != null" >
        #{comments,jdbcType=VARCHAR},
      </if>
      <if test="createBy != null" >
        #{createBy,jdbcType=VARCHAR},
      </if>
      <if test="createTime != null" >
        #{createTime,jdbcType=TIMESTAMP},
      </if>
    </trim>
  </insert>
  <update id="updateByPrimaryKeySelective" parameterType="cn.comshinetechchina.hyjxyl.domain.ContentType" >
    <!--
      WARNING - @mbggenerated
      This element is automatically generated by MyBatis Generator, do not modify.
    -->
    update tbl_content_type
    <set >
      <if test="contentTypeCode != null" >
        CONTENT_TYPE_CODE = #{contentTypeCode,jdbcType=VARCHAR},
      </if>
      <if test="contentTypeName != null" >
        CONTENT_TYPE_NAME = #{contentTypeName,jdbcType=VARCHAR},
      </if>
      <if test="isActive != null" >
        IS_ACTIVE = #{isActive,jdbcType=BIGINT},
      </if>
      <if test="comments != null" >
        COMMENTS = #{comments,jdbcType=VARCHAR},
      </if>
      <if test="createBy != null" >
        CREATE_BY = #{createBy,jdbcType=VARCHAR},
      </if>
      <if test="createTime != null" >
        CREATE_TIME = #{createTime,jdbcType=TIMESTAMP},
      </if>
    </set>
    where CONTENT_TYPE_ID = #{contentTypeId,jdbcType=BIGINT}
  </update>
  <update id="updateByPrimaryKey" parameterType="cn.comshinetechchina.hyjxyl.domain.ContentType" >
    <!--
      WARNING - @mbggenerated
      This element is automatically generated by MyBatis Generator, do not modify.
    -->
    update tbl_content_type
    set CONTENT_TYPE_CODE = #{contentTypeCode,jdbcType=VARCHAR},
      CONTENT_TYPE_NAME = #{contentTypeName,jdbcType=VARCHAR},
      IS_ACTIVE = #{isActive,jdbcType=BIGINT},
      COMMENTS = #{comments,jdbcType=VARCHAR},
      CREATE_BY = #{createBy,jdbcType=VARCHAR},
      CREATE_TIME = #{createTime,jdbcType=TIMESTAMP}
    where CONTENT_TYPE_ID = #{contentTypeId,jdbcType=BIGINT}
  </update>
</mapper>