<?xml version="1.0" encoding="UTF-8"?>
<!DOCTYPE mapper PUBLIC "-//mybatis.org//DTD Mapper 3.0//EN" "http://mybatis.org/dtd/mybatis-3-mapper.dtd">
<mapper namespace="cn.comshinetechchina.hyjxyl.dao.mapper.DeviceMapper">
  <resultMap id="BaseResultMap" type="cn.comshinetechchina.hyjxyl.domain.Device">
    <!--
      WARNING - @mbggenerated
      This element is automatically generated by MyBatis Generator, do not modify.
    -->
    <id column="device_id" jdbcType="VARCHAR" property="deviceId" />
    <result column="device_no" jdbcType="VARCHAR" property="deviceNo" />
    <result column="tenant_id" jdbcType="VARCHAR" property="tenantId" />
    <result column="service_id" jdbcType="VARCHAR" property="serviceId" />
    <result column="name" jdbcType="VARCHAR" property="name" />
    <result column="description" jdbcType="VARCHAR" property="description" />
    <result column="available" jdbcType="INTEGER" property="available" />
    <result column="created_date" jdbcType="TIMESTAMP" property="createdDate" />
    <result column="updated_date" jdbcType="TIMESTAMP" property="updatedDate" />
  </resultMap>
  <sql id="Base_Column_List">
    <!--
      WARNING - @mbggenerated
      This element is automatically generated by MyBatis Generator, do not modify.
    -->
    device_id, device_no, tenant_id, service_id, name, description, available, created_date, 
    updated_date
  </sql>
  <select id="selectByPrimaryKey" parameterType="java.lang.String" resultMap="BaseResultMap">
    <!--
      WARNING - @mbggenerated
      This element is automatically generated by MyBatis Generator, do not modify.
    -->
    select 
    <include refid="Base_Column_List" />
    from tbl_devices
    where device_id = #{deviceId,jdbcType=VARCHAR}
  </select>
  <delete id="deleteByPrimaryKey" parameterType="java.lang.String">
    <!--
      WARNING - @mbggenerated
      This element is automatically generated by MyBatis Generator, do not modify.
    -->
    delete from tbl_devices
    where device_id = #{deviceId,jdbcType=VARCHAR}
  </delete>
  <insert id="insert" parameterType="cn.comshinetechchina.hyjxyl.domain.Device">
    <!--
      WARNING - @mbggenerated
      This element is automatically generated by MyBatis Generator, do not modify.
    -->
    insert into tbl_devices (device_id, device_no, tenant_id, 
      service_id, name, description, 
      available, created_date, updated_date
      )
    values (#{deviceId,jdbcType=VARCHAR}, #{deviceNo,jdbcType=VARCHAR}, #{tenantId,jdbcType=VARCHAR}, 
      #{serviceId,jdbcType=VARCHAR}, #{name,jdbcType=VARCHAR}, #{description,jdbcType=VARCHAR}, 
      #{available,jdbcType=INTEGER}, #{createdDate,jdbcType=TIMESTAMP}, #{updatedDate,jdbcType=TIMESTAMP}
      )
  </insert>
  <insert id="insertSelective" parameterType="cn.comshinetechchina.hyjxyl.domain.Device">
    <!--
      WARNING - @mbggenerated
      This element is automatically generated by MyBatis Generator, do not modify.
    -->
    insert into tbl_devices
    <trim prefix="(" suffix=")" suffixOverrides=",">
      <if test="deviceId != null">
        device_id,
      </if>
      <if test="deviceNo != null">
        device_no,
      </if>
      <if test="tenantId != null">
        tenant_id,
      </if>
      <if test="serviceId != null">
        service_id,
      </if>
      <if test="name != null">
        name,
      </if>
      <if test="description != null">
        description,
      </if>
      <if test="available != null">
        available,
      </if>
      <if test="createdDate != null">
        created_date,
      </if>
      <if test="updatedDate != null">
        updated_date,
      </if>
    </trim>
    <trim prefix="values (" suffix=")" suffixOverrides=",">
      <if test="deviceId != null">
        #{deviceId,jdbcType=VARCHAR},
      </if>
      <if test="deviceNo != null">
        #{deviceNo,jdbcType=VARCHAR},
      </if>
      <if test="tenantId != null">
        #{tenantId,jdbcType=VARCHAR},
      </if>
      <if test="serviceId != null">
        #{serviceId,jdbcType=VARCHAR},
      </if>
      <if test="name != null">
        #{name,jdbcType=VARCHAR},
      </if>
      <if test="description != null">
        #{description,jdbcType=VARCHAR},
      </if>
      <if test="available != null">
        #{available,jdbcType=INTEGER},
      </if>
      <if test="createdDate != null">
        #{createdDate,jdbcType=TIMESTAMP},
      </if>
      <if test="updatedDate != null">
        #{updatedDate,jdbcType=TIMESTAMP},
      </if>
    </trim>
  </insert>
  <update id="updateByPrimaryKeySelective" parameterType="cn.comshinetechchina.hyjxyl.domain.Device">
    <!--
      WARNING - @mbggenerated
      This element is automatically generated by MyBatis Generator, do not modify.
    -->
    update tbl_devices
    <set>
      <if test="deviceNo != null">
        device_no = #{deviceNo,jdbcType=VARCHAR},
      </if>
      <if test="tenantId != null">
        tenant_id = #{tenantId,jdbcType=VARCHAR},
      </if>
      <if test="serviceId != null">
        service_id = #{serviceId,jdbcType=VARCHAR},
      </if>
      <if test="name != null">
        name = #{name,jdbcType=VARCHAR},
      </if>
      <if test="description != null">
        description = #{description,jdbcType=VARCHAR},
      </if>
      <if test="available != null">
        available = #{available,jdbcType=INTEGER},
      </if>
      <if test="createdDate != null">
        created_date = #{createdDate,jdbcType=TIMESTAMP},
      </if>
      <if test="updatedDate != null">
        updated_date = #{updatedDate,jdbcType=TIMESTAMP},
      </if>
    </set>
    where device_id = #{deviceId,jdbcType=VARCHAR}
  </update>
  <update id="updateByPrimaryKey" parameterType="cn.comshinetechchina.hyjxyl.domain.Device">
    <!--
      WARNING - @mbggenerated
      This element is automatically generated by MyBatis Generator, do not modify.
    -->
    update tbl_devices
    set device_no = #{deviceNo,jdbcType=VARCHAR},
      tenant_id = #{tenantId,jdbcType=VARCHAR},
      service_id = #{serviceId,jdbcType=VARCHAR},
      name = #{name,jdbcType=VARCHAR},
      description = #{description,jdbcType=VARCHAR},
      available = #{available,jdbcType=INTEGER},
      created_date = #{createdDate,jdbcType=TIMESTAMP},
      updated_date = #{updatedDate,jdbcType=TIMESTAMP}
    where device_id = #{deviceId,jdbcType=VARCHAR}
  </update>
</mapper>