<?xml version="1.0" encoding="UTF-8"?>
<!DOCTYPE mapper PUBLIC "-//mybatis.org//DTD Mapper 3.0//EN" "http://mybatis.org/dtd/mybatis-3-mapper.dtd">
<mapper namespace="cn.comshinetechchina.hyjxyl.dao.DeviceDao">
    <select id="selectDeviceList" resultMap="cn.comshinetechchina.hyjxyl.dao.mapper.DeviceMapper.BaseResultMap" parameterType="java.util.HashMap">
     select
        <include refid="cn.comshinetechchina.hyjxyl.dao.mapper.DeviceMapper.Base_Column_List" />
     from
        tbl_devices
     where  1=1
        <if test="deviceNO!=null and deviceNO !=''">
            and device_NO= #{deviceNO}
        </if>
        <if test="tenantId!=null and tenantId!=''">
            and tenant_Id= #{tenantId}
        </if>
        <if test="serviceId!=null and serviceId!=''">
            and service_Id= #{serviceId}
        </if>
        <if test="available!=null and available!=''">
            and available= #{available}
        </if>
        ORDER  by created_date desc
    </select>

    <resultMap id="BaseResultMap" type="cn.comshinetechchina.hyjxyl.domain.DeviceObj">
        <id column="device_id" jdbcType="VARCHAR" property="deviceId" />
        <result column="device_no" jdbcType="VARCHAR" property="deviceNo" />
        <result column="tenant_id" jdbcType="VARCHAR" property="tenantId" />
        <result column="service_id" jdbcType="VARCHAR" property="serviceId" />
        <result column="name" jdbcType="VARCHAR" property="name" />
        <result column="description" jdbcType="VARCHAR" property="description" />
        <result column="available" jdbcType="INTEGER" property="available" />
        <result column="created_date" jdbcType="VARCHAR" property="createdDate" />
        <result column="updated_date" jdbcType="VARCHAR" property="updatedDate" />
        <result column="tenantName" jdbcType="VARCHAR" property="tenantName" />
        <result column="serviceName" jdbcType="VARCHAR" property="serviceName" />
    </resultMap>
    <select id="selectPageDeviceList" resultMap="BaseResultMap" parameterType="java.util.HashMap">
        SELECT
        t.device_id,t.device_no,t.tenant_id,t.service_id,t.name,t.description,t.available,
        DATE_FORMAT(t.created_date,"%Y-%m-%d %H:%i:%s") AS created_date,
        DATE_FORMAT(t.updated_date,"%Y-%m-%d %H:%i:%s") AS updated_date,
        s.name AS serviceName,
        t1.name AS tenantName
        FROM tbl_devices t
        LEFT JOIN tbl_services s ON t.service_id=s.service_id
        LEFT JOIN tbl_tenants t1 ON t.tenant_id=t1.tenant_id
        where 1=1
        <if test="deviceNo!=null and deviceNo !=''">
            and t.device_NO= #{deviceNo}
        </if>
        <if test="tenantId!=null and tenantId!=''">
            and t.tenant_Id= #{tenantId}
        </if>
        <if test="serviceId!=null and serviceId!=''">
            and t.service_Id= #{serviceId}
        </if>
        <if test="available!=null and available!=''">
            and t.available= #{available}
        </if>
        ORDER by t.created_date desc
        limit #{rowStart}, #{pageSize}
    </select>

    <select id="selectPageDeviceListCount" resultType="int" parameterType="java.util.HashMap">
        select count(1)
        FROM  tbl_devices t
        WHERE 1=1
        <if test="deviceNo!=null and deviceNo !=''">
            and t.device_NO= #{deviceNo}
        </if>
        <if test="tenantId!=null and tenantId!=''">
            and t.tenant_Id= #{tenantId}
        </if>
        <if test="serviceId!=null and serviceId!=''">
            and t.service_Id= #{serviceId}
        </if>
        <if test="available!=null and available!=''">
            and t.available= #{available}
        </if>
    </select>
</mapper>