<?xml version="1.0" encoding="UTF-8" ?>
<!DOCTYPE mapper PUBLIC "-//mybatis.org//DTD Mapper 3.0//EN" "http://mybatis.org/dtd/mybatis-3-mapper.dtd" >
<mapper namespace="cn.comshinetechchina.hyjxyl.dao.mapper.FatDataMapper" >
  <resultMap id="BaseResultMap" type="cn.comshinetechchina.hyjxyl.domain.FatData" >
    <!--
      WARNING - @mbggenerated
      This element is automatically generated by MyBatis Generator, do not modify.
    -->
    <id column="id" property="id" jdbcType="VARCHAR" />
    <result column="card_no" property="cardNo" jdbcType="VARCHAR" />
    <result column="sid" property="sid" jdbcType="VARCHAR" />
    <result column="un" property="un" jdbcType="VARCHAR" />
    <result column="hg" property="hg" jdbcType="INTEGER" />
    <result column="wg" property="wg" jdbcType="REAL" />
    <result column="age" property="age" jdbcType="INTEGER" />
    <result column="sex" property="sex" jdbcType="INTEGER" />
    <result column="cd" property="cd" jdbcType="TIMESTAMP" />
    <result column="fc" property="fc" jdbcType="REAL" />
    <result column="bmi" property="bmi" jdbcType="REAL" />
    <result column="bmr" property="bmr" jdbcType="INTEGER" />
    <result column="bmir" property="bmir" jdbcType="INTEGER" />
    <result column="bt" property="bt" jdbcType="INTEGER" />
    <result column="rt" property="rt" jdbcType="TIMESTAMP" />
    <result column="create_time" property="createTime" jdbcType="TIMESTAMP" />
    <result column="available" property="available" jdbcType="INTEGER" />
  </resultMap>
  <sql id="Base_Column_List" >
    <!--
      WARNING - @mbggenerated
      This element is automatically generated by MyBatis Generator, do not modify.
    -->
    id, card_no, sid, un, hg, wg, age, sex, cd, fc, bmi, bmr, bmir, bt, rt, create_time, 
    available
  </sql>
  <select id="selectByPrimaryKey" resultMap="BaseResultMap" parameterType="java.lang.String" >
    <!--
      WARNING - @mbggenerated
      This element is automatically generated by MyBatis Generator, do not modify.
    -->
    select 
    <include refid="Base_Column_List" />
    from tbl_fat_data
    where id = #{id,jdbcType=VARCHAR}
  </select>
  <delete id="deleteByPrimaryKey" parameterType="java.lang.String" >
    <!--
      WARNING - @mbggenerated
      This element is automatically generated by MyBatis Generator, do not modify.
    -->
    delete from tbl_fat_data
    where id = #{id,jdbcType=VARCHAR}
  </delete>
  <insert id="insert" parameterType="cn.comshinetechchina.hyjxyl.domain.FatData" >
    <!--
      WARNING - @mbggenerated
      This element is automatically generated by MyBatis Generator, do not modify.
    -->
    insert into tbl_fat_data (id, card_no, sid, 
      un, hg, wg, age, 
      sex, cd, fc, bmi, 
      bmr, bmir, bt, rt, 
      create_time, available)
    values (#{id,jdbcType=VARCHAR}, #{cardNo,jdbcType=VARCHAR}, #{sid,jdbcType=VARCHAR}, 
      #{un,jdbcType=VARCHAR}, #{hg,jdbcType=INTEGER}, #{wg,jdbcType=REAL}, #{age,jdbcType=INTEGER}, 
      #{sex,jdbcType=INTEGER}, #{cd,jdbcType=TIMESTAMP}, #{fc,jdbcType=REAL}, #{bmi,jdbcType=REAL}, 
      #{bmr,jdbcType=INTEGER}, #{bmir,jdbcType=INTEGER}, #{bt,jdbcType=INTEGER}, #{rt,jdbcType=TIMESTAMP}, 
      #{createTime,jdbcType=TIMESTAMP}, #{available,jdbcType=INTEGER})
  </insert>
  <insert id="insertSelective" parameterType="cn.comshinetechchina.hyjxyl.domain.FatData" >
    <!--
      WARNING - @mbggenerated
      This element is automatically generated by MyBatis Generator, do not modify.
    -->
    insert into tbl_fat_data
    <trim prefix="(" suffix=")" suffixOverrides="," >
      <if test="id != null" >
        id,
      </if>
      <if test="cardNo != null" >
        card_no,
      </if>
      <if test="sid != null" >
        sid,
      </if>
      <if test="un != null" >
        un,
      </if>
      <if test="hg != null" >
        hg,
      </if>
      <if test="wg != null" >
        wg,
      </if>
      <if test="age != null" >
        age,
      </if>
      <if test="sex != null" >
        sex,
      </if>
      <if test="cd != null" >
        cd,
      </if>
      <if test="fc != null" >
        fc,
      </if>
      <if test="bmi != null" >
        bmi,
      </if>
      <if test="bmr != null" >
        bmr,
      </if>
      <if test="bmir != null" >
        bmir,
      </if>
      <if test="bt != null" >
        bt,
      </if>
      <if test="rt != null" >
        rt,
      </if>
      <if test="createTime != null" >
        create_time,
      </if>
      <if test="available != null" >
        available,
      </if>
    </trim>
    <trim prefix="values (" suffix=")" suffixOverrides="," >
      <if test="id != null" >
        #{id,jdbcType=VARCHAR},
      </if>
      <if test="cardNo != null" >
        #{cardNo,jdbcType=VARCHAR},
      </if>
      <if test="sid != null" >
        #{sid,jdbcType=VARCHAR},
      </if>
      <if test="un != null" >
        #{un,jdbcType=VARCHAR},
      </if>
      <if test="hg != null" >
        #{hg,jdbcType=INTEGER},
      </if>
      <if test="wg != null" >
        #{wg,jdbcType=REAL},
      </if>
      <if test="age != null" >
        #{age,jdbcType=INTEGER},
      </if>
      <if test="sex != null" >
        #{sex,jdbcType=INTEGER},
      </if>
      <if test="cd != null" >
        #{cd,jdbcType=TIMESTAMP},
      </if>
      <if test="fc != null" >
        #{fc,jdbcType=REAL},
      </if>
      <if test="bmi != null" >
        #{bmi,jdbcType=REAL},
      </if>
      <if test="bmr != null" >
        #{bmr,jdbcType=INTEGER},
      </if>
      <if test="bmir != null" >
        #{bmir,jdbcType=INTEGER},
      </if>
      <if test="bt != null" >
        #{bt,jdbcType=INTEGER},
      </if>
      <if test="rt != null" >
        #{rt,jdbcType=TIMESTAMP},
      </if>
      <if test="createTime != null" >
        #{createTime,jdbcType=TIMESTAMP},
      </if>
      <if test="available != null" >
        #{available,jdbcType=INTEGER},
      </if>
    </trim>
  </insert>
  <update id="updateByPrimaryKeySelective" parameterType="cn.comshinetechchina.hyjxyl.domain.FatData" >
    <!--
      WARNING - @mbggenerated
      This element is automatically generated by MyBatis Generator, do not modify.
    -->
    update tbl_fat_data
    <set >
      <if test="cardNo != null" >
        card_no = #{cardNo,jdbcType=VARCHAR},
      </if>
      <if test="sid != null" >
        sid = #{sid,jdbcType=VARCHAR},
      </if>
      <if test="un != null" >
        un = #{un,jdbcType=VARCHAR},
      </if>
      <if test="hg != null" >
        hg = #{hg,jdbcType=INTEGER},
      </if>
      <if test="wg != null" >
        wg = #{wg,jdbcType=REAL},
      </if>
      <if test="age != null" >
        age = #{age,jdbcType=INTEGER},
      </if>
      <if test="sex != null" >
        sex = #{sex,jdbcType=INTEGER},
      </if>
      <if test="cd != null" >
        cd = #{cd,jdbcType=TIMESTAMP},
      </if>
      <if test="fc != null" >
        fc = #{fc,jdbcType=REAL},
      </if>
      <if test="bmi != null" >
        bmi = #{bmi,jdbcType=REAL},
      </if>
      <if test="bmr != null" >
        bmr = #{bmr,jdbcType=INTEGER},
      </if>
      <if test="bmir != null" >
        bmir = #{bmir,jdbcType=INTEGER},
      </if>
      <if test="bt != null" >
        bt = #{bt,jdbcType=INTEGER},
      </if>
      <if test="rt != null" >
        rt = #{rt,jdbcType=TIMESTAMP},
      </if>
      <if test="createTime != null" >
        create_time = #{createTime,jdbcType=TIMESTAMP},
      </if>
      <if test="available != null" >
        available = #{available,jdbcType=INTEGER},
      </if>
    </set>
    where id = #{id,jdbcType=VARCHAR}
  </update>
  <update id="updateByPrimaryKey" parameterType="cn.comshinetechchina.hyjxyl.domain.FatData" >
    <!--
      WARNING - @mbggenerated
      This element is automatically generated by MyBatis Generator, do not modify.
    -->
    update tbl_fat_data
    set card_no = #{cardNo,jdbcType=VARCHAR},
      sid = #{sid,jdbcType=VARCHAR},
      un = #{un,jdbcType=VARCHAR},
      hg = #{hg,jdbcType=INTEGER},
      wg = #{wg,jdbcType=REAL},
      age = #{age,jdbcType=INTEGER},
      sex = #{sex,jdbcType=INTEGER},
      cd = #{cd,jdbcType=TIMESTAMP},
      fc = #{fc,jdbcType=REAL},
      bmi = #{bmi,jdbcType=REAL},
      bmr = #{bmr,jdbcType=INTEGER},
      bmir = #{bmir,jdbcType=INTEGER},
      bt = #{bt,jdbcType=INTEGER},
      rt = #{rt,jdbcType=TIMESTAMP},
      create_time = #{createTime,jdbcType=TIMESTAMP},
      available = #{available,jdbcType=INTEGER}
    where id = #{id,jdbcType=VARCHAR}
  </update>
</mapper>