<?xml version="1.0" encoding="UTF-8"?>
<!DOCTYPE mapper PUBLIC "-//mybatis.org//DTD Mapper 3.0//EN" "http://mybatis.org/dtd/mybatis-3-mapper.dtd">
<mapper namespace="cn.comshinetechchina.hyjxyl.dao.mapper.FatERDataMapper">
  <resultMap id="BaseResultMap" type="cn.comshinetechchina.hyjxyl.domain.FatERData">
    <!--
      WARNING - @mbggenerated
      This element is automatically generated by MyBatis Generator, do not modify.
    -->
    <id column="id" jdbcType="VARCHAR" property="id" />
    <result column="card_no" jdbcType="VARCHAR" property="cardNo" />
    <result column="sid" jdbcType="VARCHAR" property="sid" />
    <result column="df" jdbcType="VARCHAR" property="df" />
    <result column="resistor" jdbcType="INTEGER" property="resistor" />
    <result column="rt" jdbcType="TIMESTAMP" property="rt" />
    <result column="create_time" jdbcType="TIMESTAMP" property="createTime" />
    <result column="available" jdbcType="INTEGER" property="available" />
  </resultMap>
  <sql id="Base_Column_List">
    <!--
      WARNING - @mbggenerated
      This element is automatically generated by MyBatis Generator, do not modify.
    -->
    id, card_no, sid, df, resistor, rt, create_time, available
  </sql>
  <select id="selectByPrimaryKey" parameterType="java.lang.String" resultMap="BaseResultMap">
    <!--
      WARNING - @mbggenerated
      This element is automatically generated by MyBatis Generator, do not modify.
    -->
    select 
    <include refid="Base_Column_List" />
    from tbl_fat_er_data
    where id = #{id,jdbcType=VARCHAR}
  </select>
  <delete id="deleteByPrimaryKey" parameterType="java.lang.String">
    <!--
      WARNING - @mbggenerated
      This element is automatically generated by MyBatis Generator, do not modify.
    -->
    delete from tbl_fat_er_data
    where id = #{id,jdbcType=VARCHAR}
  </delete>
  <insert id="insert" parameterType="cn.comshinetechchina.hyjxyl.domain.FatERData">
    <!--
      WARNING - @mbggenerated
      This element is automatically generated by MyBatis Generator, do not modify.
    -->
    insert into tbl_fat_er_data (id, card_no, sid, 
      df, resistor, rt, 
      create_time, available)
    values (#{id,jdbcType=VARCHAR}, #{cardNo,jdbcType=VARCHAR}, #{sid,jdbcType=VARCHAR}, 
      #{df,jdbcType=VARCHAR}, #{resistor,jdbcType=INTEGER}, #{rt,jdbcType=TIMESTAMP}, 
      #{createTime,jdbcType=TIMESTAMP}, #{available,jdbcType=INTEGER})
  </insert>
  <insert id="insertSelective" parameterType="cn.comshinetechchina.hyjxyl.domain.FatERData">
    <!--
      WARNING - @mbggenerated
      This element is automatically generated by MyBatis Generator, do not modify.
    -->
    insert into tbl_fat_er_data
    <trim prefix="(" suffix=")" suffixOverrides=",">
      <if test="id != null">
        id,
      </if>
      <if test="cardNo != null">
        card_no,
      </if>
      <if test="sid != null">
        sid,
      </if>
      <if test="df != null">
        df,
      </if>
      <if test="resistor != null">
        resistor,
      </if>
      <if test="rt != null">
        rt,
      </if>
      <if test="createTime != null">
        create_time,
      </if>
      <if test="available != null">
        available,
      </if>
    </trim>
    <trim prefix="values (" suffix=")" suffixOverrides=",">
      <if test="id != null">
        #{id,jdbcType=VARCHAR},
      </if>
      <if test="cardNo != null">
        #{cardNo,jdbcType=VARCHAR},
      </if>
      <if test="sid != null">
        #{sid,jdbcType=VARCHAR},
      </if>
      <if test="df != null">
        #{df,jdbcType=VARCHAR},
      </if>
      <if test="resistor != null">
        #{resistor,jdbcType=INTEGER},
      </if>
      <if test="rt != null">
        #{rt,jdbcType=TIMESTAMP},
      </if>
      <if test="createTime != null">
        #{createTime,jdbcType=TIMESTAMP},
      </if>
      <if test="available != null">
        #{available,jdbcType=INTEGER},
      </if>
    </trim>
  </insert>
  <update id="updateByPrimaryKeySelective" parameterType="cn.comshinetechchina.hyjxyl.domain.FatERData">
    <!--
      WARNING - @mbggenerated
      This element is automatically generated by MyBatis Generator, do not modify.
    -->
    update tbl_fat_er_data
    <set>
      <if test="cardNo != null">
        card_no = #{cardNo,jdbcType=VARCHAR},
      </if>
      <if test="sid != null">
        sid = #{sid,jdbcType=VARCHAR},
      </if>
      <if test="df != null">
        df = #{df,jdbcType=VARCHAR},
      </if>
      <if test="resistor != null">
        resistor = #{resistor,jdbcType=INTEGER},
      </if>
      <if test="rt != null">
        rt = #{rt,jdbcType=TIMESTAMP},
      </if>
      <if test="createTime != null">
        create_time = #{createTime,jdbcType=TIMESTAMP},
      </if>
      <if test="available != null">
        available = #{available,jdbcType=INTEGER},
      </if>
    </set>
    where id = #{id,jdbcType=VARCHAR}
  </update>
  <update id="updateByPrimaryKey" parameterType="cn.comshinetechchina.hyjxyl.domain.FatERData">
    <!--
      WARNING - @mbggenerated
      This element is automatically generated by MyBatis Generator, do not modify.
    -->
    update tbl_fat_er_data
    set card_no = #{cardNo,jdbcType=VARCHAR},
      sid = #{sid,jdbcType=VARCHAR},
      df = #{df,jdbcType=VARCHAR},
      resistor = #{resistor,jdbcType=INTEGER},
      rt = #{rt,jdbcType=TIMESTAMP},
      create_time = #{createTime,jdbcType=TIMESTAMP},
      available = #{available,jdbcType=INTEGER}
    where id = #{id,jdbcType=VARCHAR}
  </update>
</mapper>