<?xml version="1.0" encoding="UTF-8"?>
<!DOCTYPE mapper PUBLIC "-//mybatis.org//DTD Mapper 3.0//EN" "http://mybatis.org/dtd/mybatis-3-mapper.dtd">
<mapper namespace="cn.comshinetechchina.hyjxyl.dao.FatERDataDao">
    <select id="selectFatERDataList" resultMap="cn.comshinetechchina.hyjxyl.dao.mapper.FatERDataMapper.BaseResultMap" parameterType="java.util.HashMap">
        select
        t.*,DATE_FORMAT(t.rt,"%Y-%m-%d %H:%i:%s") as testTime
        from
        tbl_fat_er_data t
        where 1=1
        <if test="cardNo!=null and cardNo!=''">
            and  t.card_no=#{cardNo}
        </if>
        <if test="available!=null and available!=''">
            and  t.available=#{available}
        </if>
        <if test="startDate!=null and startDate!=''">
            <![CDATA[
           AND DATE_FORMAT(t.rt,"%Y-%m-%d")>=#{startDate}
           ]]>
        </if>
        <if test="endDate!=null and endDate!=''">
            <![CDATA[
           AND DATE_FORMAT(t.rt,"%Y-%m-%d")<=#{endDate}
           ]]>
        </if>
        ORDER  by rt desc
        limit #{rowStart},#{pageSize}
    </select>
    <select id="selectFatERDataListCount" resultType="Int" parameterType="java.util.HashMap">
        select  count(1)    from  tbl_fat_er_data
        where 1=1
        <if test="cardNo!=null and cardNo!=''">
            and  card_no=#{cardNo}
        </if>
        <if test="available!=null and available!=''">
            and  available=#{available}
        </if>
        <if test="startDate!=null and startDate!=''">
            <![CDATA[
           AND DATE_FORMAT(rt,"%Y-%m-%d")>=#{startDate}
           ]]>
        </if>
        <if test="endDate!=null and endDate!=''">
            <![CDATA[
           AND DATE_FORMAT(rt,"%Y-%m-%d")<=#{endDate}
           ]]>
        </if>
    </select>
</mapper>