<?xml version="1.0" encoding="UTF-8"?>
<!DOCTYPE mapper PUBLIC "-//mybatis.org//DTD Mapper 3.0//EN" "http://mybatis.org/dtd/mybatis-3-mapper.dtd">
<mapper namespace="cn.comshinetechchina.hyjxyl.dao.FavourRecordDao">
    <select id="selectOneFavourRecord" resultMap="cn.comshinetechchina.hyjxyl.dao.mapper.FavourRecordMapper.BaseResultMap" parameterType="java.util.HashMap">
     select
        <include refid="cn.comshinetechchina.hyjxyl.dao.mapper.FavourRecordMapper.Base_Column_List" />
     from
        tbl_favour_record
        where  1=1
        <if test="refId!=null and refId!=''">
           and  ref_Id=#{refId}
        </if>
        <if test="refType!=null and refType!=''">
           and  ref_Type=#{refType}
        </if>
        <if test="memberId!=null and memberId!=''">
           and create_by=#{memberId}
        </if>
        ORDER  by create_date desc
        limit 1
    </select>
</mapper>