<?xml version="1.0" encoding="UTF-8"?>
<!DOCTYPE mapper PUBLIC "-//mybatis.org//DTD Mapper 3.0//EN" "http://mybatis.org/dtd/mybatis-3-mapper.dtd">
<mapper namespace="cn.comshinetechchina.hyjxyl.dao.mapper.FavourRecordMapper">
  <resultMap id="BaseResultMap" type="cn.comshinetechchina.hyjxyl.domain.FavourRecord">
    <!--
      WARNING - @mbggenerated
      This element is automatically generated by MyBatis Generator, do not modify.
    -->
    <id column="favour_id" jdbcType="VARCHAR" property="favourId" />
    <result column="ref_id" jdbcType="VARCHAR" property="refId" />
    <result column="ref_type" jdbcType="VARCHAR" property="refType" />
    <result column="create_by" jdbcType="VARCHAR" property="createBy" />
    <result column="create_date" jdbcType="TIMESTAMP" property="createDate" />
    <result column="type" jdbcType="INTEGER" property="type" />
  </resultMap>
  <sql id="Base_Column_List">
    <!--
      WARNING - @mbggenerated
      This element is automatically generated by MyBatis Generator, do not modify.
    -->
    favour_id, ref_id, ref_type, create_by, create_date, type
  </sql>
  <select id="selectByPrimaryKey" parameterType="java.lang.String" resultMap="BaseResultMap">
    <!--
      WARNING - @mbggenerated
      This element is automatically generated by MyBatis Generator, do not modify.
    -->
    select 
    <include refid="Base_Column_List" />
    from tbl_favour_record
    where favour_id = #{favourId,jdbcType=VARCHAR}
  </select>
  <delete id="deleteByPrimaryKey" parameterType="java.lang.String">
    <!--
      WARNING - @mbggenerated
      This element is automatically generated by MyBatis Generator, do not modify.
    -->
    delete from tbl_favour_record
    where favour_id = #{favourId,jdbcType=VARCHAR}
  </delete>
  <insert id="insert" parameterType="cn.comshinetechchina.hyjxyl.domain.FavourRecord">
    <!--
      WARNING - @mbggenerated
      This element is automatically generated by MyBatis Generator, do not modify.
    -->
    insert into tbl_favour_record (favour_id, ref_id, ref_type, 
      create_by, create_date, type
      )
    values (#{favourId,jdbcType=VARCHAR}, #{refId,jdbcType=VARCHAR}, #{refType,jdbcType=VARCHAR}, 
      #{createBy,jdbcType=VARCHAR}, #{createDate,jdbcType=TIMESTAMP}, #{type,jdbcType=INTEGER}
      )
  </insert>
  <insert id="insertSelective" parameterType="cn.comshinetechchina.hyjxyl.domain.FavourRecord">
    <!--
      WARNING - @mbggenerated
      This element is automatically generated by MyBatis Generator, do not modify.
    -->
    insert into tbl_favour_record
    <trim prefix="(" suffix=")" suffixOverrides=",">
      <if test="favourId != null">
        favour_id,
      </if>
      <if test="refId != null">
        ref_id,
      </if>
      <if test="refType != null">
        ref_type,
      </if>
      <if test="createBy != null">
        create_by,
      </if>
      <if test="createDate != null">
        create_date,
      </if>
      <if test="type != null">
        type,
      </if>
    </trim>
    <trim prefix="values (" suffix=")" suffixOverrides=",">
      <if test="favourId != null">
        #{favourId,jdbcType=VARCHAR},
      </if>
      <if test="refId != null">
        #{refId,jdbcType=VARCHAR},
      </if>
      <if test="refType != null">
        #{refType,jdbcType=VARCHAR},
      </if>
      <if test="createBy != null">
        #{createBy,jdbcType=VARCHAR},
      </if>
      <if test="createDate != null">
        #{createDate,jdbcType=TIMESTAMP},
      </if>
      <if test="type != null">
        #{type,jdbcType=INTEGER},
      </if>
    </trim>
  </insert>
  <update id="updateByPrimaryKeySelective" parameterType="cn.comshinetechchina.hyjxyl.domain.FavourRecord">
    <!--
      WARNING - @mbggenerated
      This element is automatically generated by MyBatis Generator, do not modify.
    -->
    update tbl_favour_record
    <set>
      <if test="refId != null">
        ref_id = #{refId,jdbcType=VARCHAR},
      </if>
      <if test="refType != null">
        ref_type = #{refType,jdbcType=VARCHAR},
      </if>
      <if test="createBy != null">
        create_by = #{createBy,jdbcType=VARCHAR},
      </if>
      <if test="createDate != null">
        create_date = #{createDate,jdbcType=TIMESTAMP},
      </if>
      <if test="type != null">
        type = #{type,jdbcType=INTEGER},
      </if>
    </set>
    where favour_id = #{favourId,jdbcType=VARCHAR}
  </update>
  <update id="updateByPrimaryKey" parameterType="cn.comshinetechchina.hyjxyl.domain.FavourRecord">
    <!--
      WARNING - @mbggenerated
      This element is automatically generated by MyBatis Generator, do not modify.
    -->
    update tbl_favour_record
    set ref_id = #{refId,jdbcType=VARCHAR},
      ref_type = #{refType,jdbcType=VARCHAR},
      create_by = #{createBy,jdbcType=VARCHAR},
      create_date = #{createDate,jdbcType=TIMESTAMP},
      type = #{type,jdbcType=INTEGER}
    where favour_id = #{favourId,jdbcType=VARCHAR}
  </update>
</mapper>