<?xml version="1.0" encoding="UTF-8"?>
<!DOCTYPE mapper PUBLIC "-//mybatis.org//DTD Mapper 3.0//EN" "http://mybatis.org/dtd/mybatis-3-mapper.dtd">
<mapper namespace="cn.comshinetechchina.hyjxyl.dao.IllnessDao">
    <resultMap id="BaseResultMap" type="cn.comshinetechchina.hyjxyl.domain.IllnessObj" >
        <!--
          WARNING - @mbggenerated
          This element is automatically generated by MyBatis Generator, do not modify.
        -->
        <id column="illness_id" property="illnessId" jdbcType="VARCHAR" />
        <result column="member_id" property="memberId" jdbcType="VARCHAR" />
        <result column="type" property="type" jdbcType="INTEGER" />
        <result column="test_date" property="testDate" jdbcType="VARCHAR" />
        <result column="hospital_name" property="hospitalName" jdbcType="VARCHAR" />
        <result column="description" property="description" jdbcType="VARCHAR" />
        <result column="test_reason" property="testReason" jdbcType="VARCHAR" />
        <result column="available" property="available" jdbcType="INTEGER" />
        <result column="created_date" property="createdDate" jdbcType="VARCHAR" />
        <result column="updated_date" property="updatedDate" jdbcType="VARCHAR" />
        <result column="CONTENT_ID" property="contentId" jdbcType="VARCHAR" />
        <result column="testYear" property="testYear" jdbcType="VARCHAR" />
    </resultMap>
    <select id="getIllnessList" resultMap="BaseResultMap" parameterType="java.util.HashMap">
        SELECT ill.illness_id,ill.member_id,ill.type,DATE_FORMAT(ill.test_date,"%Y-%m-%d") AS test_date,ill.hospital_name,
        ill.description,ill.test_reason,ill.available,  DATE_FORMAT(ill.created_date,"%Y-%m-%d %H:%i:%s") AS created_date,
        DATE_FORMAT(ill.updated_date,"%Y-%m-%d %H:%i:%s") AS updated_date,YEAR(test_date) AS testYear,
        ref.`CONTENT_ID`,ex.`name` AS memberName,ex.`age`,m.`phone`,
        CASE WHEN ex.province_id IN(1,2,3,4)
        THEN  CONCAT_WS('',c.name,a.area_name,ex.area_name)
        ELSE  CONCAT_WS('',p.name,c.name,a.area_name,ex.area_name)    END AS houseAddress
        FROM  tbl_illness ill
        LEFT JOIN ( SELECT content_id,MIN(create_time),EXTERNAL_ID FROM tbl_content_ref WHERE `CONTENT_REF_TYPE`='tbl_illness' AND content_ref_code='illness_id' GROUP BY EXTERNAL_ID) ref ON ill.`illness_id`=ref.`EXTERNAL_ID`
        LEFT JOIN tbl_content con ON ref.`CONTENT_ID`=con.`CONTENT_ID` AND con.`CONTENT_TYPE_ID`='1002'
        LEFT JOIN tbl_members m ON ill.`member_id`=m.`member_id`
        LEFT JOIN tbl_member_extend ex ON ill.`member_id`=ex.`member_id`
        LEFT JOIN   tbl_provinces p ON ex.province_id=p.province_id
        LEFT JOIN   tbl_cities c ON ex.city_id=c.city_id
        LEFT JOIN   tbl_areas a ON ex.area_id=a.area_id
        WHERE 1=1
        <if test="memberId!=null and memberId!='' ">
            AND  ill.member_id=#{memberId}
        </if>
        <if test="startDate!=null and startDate!='' ">
            <![CDATA[
           AND DATE_FORMAT(ill.test_date,"%Y-%m-%d")>=#{startDate}
           ]]>
        </if>
        <if test="endDate!=null and endDate!='' ">
         <![CDATA[
           AND DATE_FORMAT(ill.test_date,"%Y-%m-%d")<=#{endDate}
           ]]>
        </if>
        <if test="type!=null and type!='' ">
            AND  ill.type=#{type}
        </if>
        <if test="testReason!=null and testReason!='' ">
            AND  ill.test_Reason like CONCAT('%',#{testReason},'%')
        </if>
        <if test="available!=null and available!='' ">
            AND  ill.available =#{available}
        </if>
        <if test="memberName!=null and memberName!='' ">
            AND  ex.name =#{memberName}
        </if>
        <if test="phone!=null and phone!='' ">
            AND  m.phone =#{phone}
        </if>
        ORDER BY ill.test_date  DESC
        limit #{rowStart}, #{pageSize}
    </select>

    <select id="getIllnessListCount" resultType="int" parameterType="java.util.HashMap">
        SELECT  count(1)
        FROM  tbl_illness ill
        LEFT JOIN tbl_members m ON ill.`member_id`=m.`member_id`
        LEFT JOIN tbl_member_extend ex ON ill.`member_id`=ex.`member_id`
        WHERE 1=1
        <if test="memberId!=null and memberId!='' ">
            AND  ill.member_id=#{memberId}
        </if>
        <if test="startDate!=null and startDate!='' ">
            <![CDATA[
           AND DATE_FORMAT(ill.test_date,"%Y-%m-%d")>=#{startDate}
           ]]>
        </if>
        <if test="endDate!=null and endDate!='' ">
            <![CDATA[
           AND DATE_FORMAT(ill.test_date,"%Y-%m-%d")<=#{endDate}
           ]]>
        </if>
        <if test="type!=null and type!='' ">
           AND  ill.type=#{type}
        </if>
        <if test="testReason!=null and testReason!='' ">
            AND  ill.test_Reason like CONCAT('%',#{testReason},'%')
        </if>
        <if test="available!=null and available!='' ">
           AND  ill.available =#{available}
        </if>
        <if test="memberName!=null and memberName!='' ">
            AND  ex.name =#{memberName}
        </if>
        <if test="phone!=null and phone!='' ">
            AND  m.phone =#{phone}
        </if>
    </select>
    <resultMap id="illnessObjMap" type="cn.comshinetechchina.hyjxyl.domain.IllnessObj" >
        <!--
          WARNING - @mbggenerated
          This element is automatically generated by MyBatis Generator, do not modify.
        -->
        <id column="illness_id" property="illnessId" jdbcType="VARCHAR" />
        <result column="member_id" property="memberId" jdbcType="VARCHAR" />
        <result column="type" property="type" jdbcType="INTEGER" />
        <result column="test_date" property="testDate" jdbcType="VARCHAR" />
        <result column="hospital_name" property="hospitalName" jdbcType="VARCHAR" />
        <result column="description" property="description" jdbcType="VARCHAR" />
        <result column="test_reason" property="testReason" jdbcType="VARCHAR" />
        <result column="available" property="available" jdbcType="INTEGER" />
        <result column="created_date" property="createdDate" jdbcType="VARCHAR" />
        <result column="updated_date" property="updatedDate" jdbcType="VARCHAR" />
        <result column="memberName" property="memberName" jdbcType="VARCHAR" />
        <result column="phone" property="phone" jdbcType="VARCHAR" />
        <result column="age" property="age" jdbcType="VARCHAR" />
        <result column="houseAddress" property="houseAddress" jdbcType="VARCHAR" />
    </resultMap>

    <select id="selectOneIllness" parameterType="String" resultMap="illnessObjMap">
SELECT i.illness_id,
i.member_id,i.type,i.hospital_name,
i.description,i.test_reason,i.available,
DATE_FORMAT(i.test_date,"%Y-%m-%d") AS test_date,
DATE_FORMAT(i.created_date,"%Y-%m-%d") AS created_date,
DATE_FORMAT(i.updated_date,"%Y-%m-%d") AS updated_date,
ex.`name` AS memberName,
m.`phone`,
ex.`age`,
 CASE WHEN ex.province_id IN(1,2,3,4)
        THEN  CONCAT_WS('',c.name,a.area_name,ex.area_name)
        ELSE  CONCAT_WS('',p.name,c.name,a.area_name,ex.area_name)    END AS houseAddress
 FROM
tbl_illness i LEFT JOIN tbl_member_extend ex ON i.`member_id`=ex.`member_id`
LEFT JOIN tbl_members m ON i.`member_id`=m.`member_id`
 LEFT JOIN   tbl_provinces p ON ex.province_id=p.province_id
        LEFT JOIN   tbl_cities c ON ex.city_id=c.city_id
        LEFT JOIN   tbl_areas a ON ex.area_id=a.area_id
        where i.illness_id=#{illnessId}
    </select>
</mapper>