<?xml version="1.0" encoding="UTF-8" ?>
<!DOCTYPE mapper PUBLIC "-//mybatis.org//DTD Mapper 3.0//EN" "http://mybatis.org/dtd/mybatis-3-mapper.dtd" >
<mapper namespace="cn.comshinetechchina.hyjxyl.dao.mapper.IllnessMapper" >
  <resultMap id="BaseResultMap" type="cn.comshinetechchina.hyjxyl.domain.Illness" >
    <!--
      WARNING - @mbggenerated
      This element is automatically generated by MyBatis Generator, do not modify.
    -->
    <id column="illness_id" property="illnessId" jdbcType="VARCHAR" />
    <result column="member_id" property="memberId" jdbcType="VARCHAR" />
    <result column="type" property="type" jdbcType="INTEGER" />
    <result column="test_date" property="testDate" jdbcType="TIMESTAMP" />
    <result column="hospital_name" property="hospitalName" jdbcType="VARCHAR" />
    <result column="description" property="description" jdbcType="VARCHAR" />
    <result column="test_reason" property="testReason" jdbcType="VARCHAR" />
    <result column="available" property="available" jdbcType="INTEGER" />
    <result column="created_date" property="createdDate" jdbcType="TIMESTAMP" />
    <result column="updated_date" property="updatedDate" jdbcType="TIMESTAMP" />
  </resultMap>
  <sql id="Base_Column_List" >
    <!--
      WARNING - @mbggenerated
      This element is automatically generated by MyBatis Generator, do not modify.
    -->
    illness_id, member_id, type, test_date, hospital_name, description, test_reason, 
    available, created_date, updated_date
  </sql>
  <select id="selectByPrimaryKey" resultMap="BaseResultMap" parameterType="java.lang.String" >
    <!--
      WARNING - @mbggenerated
      This element is automatically generated by MyBatis Generator, do not modify.
    -->
    select 
    <include refid="Base_Column_List" />
    from tbl_illness
    where illness_id = #{illnessId,jdbcType=VARCHAR}
  </select>
  <delete id="deleteByPrimaryKey" parameterType="java.lang.String" >
    <!--
      WARNING - @mbggenerated
      This element is automatically generated by MyBatis Generator, do not modify.
    -->
    delete from tbl_illness
    where illness_id = #{illnessId,jdbcType=VARCHAR}
  </delete>
  <insert id="insert" parameterType="cn.comshinetechchina.hyjxyl.domain.Illness" >
    <!--
      WARNING - @mbggenerated
      This element is automatically generated by MyBatis Generator, do not modify.
    -->
    insert into tbl_illness (illness_id, member_id, type, 
      test_date, hospital_name, description, 
      test_reason, available, created_date, 
      updated_date)
    values (#{illnessId,jdbcType=VARCHAR}, #{memberId,jdbcType=VARCHAR}, #{type,jdbcType=INTEGER}, 
      #{testDate,jdbcType=TIMESTAMP}, #{hospitalName,jdbcType=VARCHAR}, #{description,jdbcType=VARCHAR}, 
      #{testReason,jdbcType=VARCHAR}, #{available,jdbcType=INTEGER}, #{createdDate,jdbcType=TIMESTAMP}, 
      #{updatedDate,jdbcType=TIMESTAMP})
  </insert>
  <insert id="insertSelective" parameterType="cn.comshinetechchina.hyjxyl.domain.Illness" >
    <!--
      WARNING - @mbggenerated
      This element is automatically generated by MyBatis Generator, do not modify.
    -->
    insert into tbl_illness
    <trim prefix="(" suffix=")" suffixOverrides="," >
      <if test="illnessId != null" >
        illness_id,
      </if>
      <if test="memberId != null" >
        member_id,
      </if>
      <if test="type != null" >
        type,
      </if>
      <if test="testDate != null" >
        test_date,
      </if>
      <if test="hospitalName != null" >
        hospital_name,
      </if>
      <if test="description != null" >
        description,
      </if>
      <if test="testReason != null" >
        test_reason,
      </if>
      <if test="available != null" >
        available,
      </if>
      <if test="createdDate != null" >
        created_date,
      </if>
      <if test="updatedDate != null" >
        updated_date,
      </if>
    </trim>
    <trim prefix="values (" suffix=")" suffixOverrides="," >
      <if test="illnessId != null" >
        #{illnessId,jdbcType=VARCHAR},
      </if>
      <if test="memberId != null" >
        #{memberId,jdbcType=VARCHAR},
      </if>
      <if test="type != null" >
        #{type,jdbcType=INTEGER},
      </if>
      <if test="testDate != null" >
        #{testDate,jdbcType=TIMESTAMP},
      </if>
      <if test="hospitalName != null" >
        #{hospitalName,jdbcType=VARCHAR},
      </if>
      <if test="description != null" >
        #{description,jdbcType=VARCHAR},
      </if>
      <if test="testReason != null" >
        #{testReason,jdbcType=VARCHAR},
      </if>
      <if test="available != null" >
        #{available,jdbcType=INTEGER},
      </if>
      <if test="createdDate != null" >
        #{createdDate,jdbcType=TIMESTAMP},
      </if>
      <if test="updatedDate != null" >
        #{updatedDate,jdbcType=TIMESTAMP},
      </if>
    </trim>
  </insert>
  <update id="updateByPrimaryKeySelective" parameterType="cn.comshinetechchina.hyjxyl.domain.Illness" >
    <!--
      WARNING - @mbggenerated
      This element is automatically generated by MyBatis Generator, do not modify.
    -->
    update tbl_illness
    <set >
      <if test="memberId != null" >
        member_id = #{memberId,jdbcType=VARCHAR},
      </if>
      <if test="type != null" >
        type = #{type,jdbcType=INTEGER},
      </if>
      <if test="testDate != null" >
        test_date = #{testDate,jdbcType=TIMESTAMP},
      </if>
      <if test="hospitalName != null" >
        hospital_name = #{hospitalName,jdbcType=VARCHAR},
      </if>
      <if test="description != null" >
        description = #{description,jdbcType=VARCHAR},
      </if>
      <if test="testReason != null" >
        test_reason = #{testReason,jdbcType=VARCHAR},
      </if>
      <if test="available != null" >
        available = #{available,jdbcType=INTEGER},
      </if>
      <if test="createdDate != null" >
        created_date = #{createdDate,jdbcType=TIMESTAMP},
      </if>
      <if test="updatedDate != null" >
        updated_date = #{updatedDate,jdbcType=TIMESTAMP},
      </if>
    </set>
    where illness_id = #{illnessId,jdbcType=VARCHAR}
  </update>
  <update id="updateByPrimaryKey" parameterType="cn.comshinetechchina.hyjxyl.domain.Illness" >
    <!--
      WARNING - @mbggenerated
      This element is automatically generated by MyBatis Generator, do not modify.
    -->
    update tbl_illness
    set member_id = #{memberId,jdbcType=VARCHAR},
      type = #{type,jdbcType=INTEGER},
      test_date = #{testDate,jdbcType=TIMESTAMP},
      hospital_name = #{hospitalName,jdbcType=VARCHAR},
      description = #{description,jdbcType=VARCHAR},
      test_reason = #{testReason,jdbcType=VARCHAR},
      available = #{available,jdbcType=INTEGER},
      created_date = #{createdDate,jdbcType=TIMESTAMP},
      updated_date = #{updatedDate,jdbcType=TIMESTAMP}
    where illness_id = #{illnessId,jdbcType=VARCHAR}
  </update>
</mapper>