<?xml version="1.0" encoding="UTF-8"?>
<!DOCTYPE mapper PUBLIC "-//mybatis.org//DTD Mapper 3.0//EN" "http://mybatis.org/dtd/mybatis-3-mapper.dtd">
<mapper namespace="cn.comshinetechchina.hyjxyl.dao.KithAndKinDao">
    <resultMap id="BaseResultMap" type="cn.comshinetechchina.hyjxyl.domain.KithAndKin">
        <!--
          WARNING - @mbggenerated
          This element is automatically generated by MyBatis Generator, do not modify.
        -->
        <id column="kin_id" jdbcType="VARCHAR" property="kinId" />
        <result column="member_id" jdbcType="VARCHAR" property="memberId" />
        <result column="nick_member_id" jdbcType="VARCHAR" property="nickMemberId" />
        <result column="nick_name" jdbcType="VARCHAR" property="nickName" />
        <result column="relation_remark" jdbcType="VARCHAR" property="relationRemark" />
        <result column="special_concern" jdbcType="INTEGER" property="specialConcern" />
        <result column="allow_access" jdbcType="INTEGER" property="allowAccess" />
        <result column="updated_date" jdbcType="TIMESTAMP" property="updatedDate" />
        <result column="created_date" jdbcType="TIMESTAMP" property="createdDate" />
        <result column="available" jdbcType="INTEGER" property="available" />
        <result column="access_nick" jdbcType="INTEGER" property="accessNick" />
        <result column="phone" jdbcType="VARCHAR" property="nickPhone" />
    </resultMap>
    <select id="selectUserKithList" resultMap="BaseResultMap" parameterType="java.lang.String">
     select t.*,m.phone
     from
        tbl_kith_and_kin t
       LEFT JOIN tbl_members m ON t.nick_member_id=m.member_id
     where   t.member_id= #{memberId}
        and  t.available=1
        ORDER  by t.created_date asc
    </select>
    <select id="selectKithListByPara" resultMap="cn.comshinetechchina.hyjxyl.dao.mapper.KithAndKinMapper.BaseResultMap" parameterType="java.util.HashMap">
        select
        <include refid="cn.comshinetechchina.hyjxyl.dao.mapper.KithAndKinMapper.Base_Column_List" />
        from
        tbl_kith_and_kin
        where   1=1
        <if test="memberId!=null and memberId!=''" >
           and  member_id= #{memberId}
        </if>
        <if test="nickMemberId!=null and nickMemberId!=''" >
            and  nick_member_id= #{nickMemberId}
        </if>
        <if test="nickName!=null and nickName!=''" >
            and  nick_Name= #{nickName}
        </if>
        <if test="concern!=null" >
            and  special_concern= #{concern}
        </if>
        <if test="available!=null" >
            and  available= #{available}
        </if>
        ORDER  by created_date asc
    </select>
    <select id="selectUserKithListByConcern" resultMap="BaseResultMap" parameterType="java.util.HashMap">
        select t.*,m.phone
        from
        tbl_kith_and_kin t
        LEFT JOIN tbl_members m ON t.nick_member_id=m.member_id
        where   t.member_id= #{memberId}
        <if test="concern!=null" >
            and  special_concern= #{concern}
        </if>
        and  t.available=1
        ORDER  by t.created_date asc
    </select>
</mapper>