<?xml version="1.0" encoding="UTF-8"?>
<!DOCTYPE mapper PUBLIC "-//mybatis.org//DTD Mapper 3.0//EN" "http://mybatis.org/dtd/mybatis-3-mapper.dtd">
<mapper namespace="cn.comshinetechchina.hyjxyl.dao.mapper.KithAndKinMapper">
  <resultMap id="BaseResultMap" type="cn.comshinetechchina.hyjxyl.domain.KithAndKin">
    <!--
      WARNING - @mbggenerated
      This element is automatically generated by MyBatis Generator, do not modify.
    -->
    <id column="kin_id" jdbcType="VARCHAR" property="kinId" />
    <result column="member_id" jdbcType="VARCHAR" property="memberId" />
    <result column="nick_member_id" jdbcType="VARCHAR" property="nickMemberId" />
    <result column="nick_name" jdbcType="VARCHAR" property="nickName" />
    <result column="relation_remark" jdbcType="VARCHAR" property="relationRemark" />
    <result column="special_concern" jdbcType="INTEGER" property="specialConcern" />
    <result column="allow_access" jdbcType="INTEGER" property="allowAccess" />
    <result column="updated_date" jdbcType="TIMESTAMP" property="updatedDate" />
    <result column="created_date" jdbcType="TIMESTAMP" property="createdDate" />
    <result column="available" jdbcType="INTEGER" property="available" />
    <result column="access_nick" jdbcType="INTEGER" property="accessNick" />
  </resultMap>
  <sql id="Base_Column_List">
    <!--
      WARNING - @mbggenerated
      This element is automatically generated by MyBatis Generator, do not modify.
    -->
    kin_id, member_id, nick_member_id, nick_name, relation_remark, special_concern, allow_access, 
    updated_date, created_date, available, access_nick
  </sql>
  <select id="selectByPrimaryKey" parameterType="java.lang.String" resultMap="BaseResultMap">
    <!--
      WARNING - @mbggenerated
      This element is automatically generated by MyBatis Generator, do not modify.
    -->
    select 
    <include refid="Base_Column_List" />
    from tbl_kith_and_kin
    where kin_id = #{kinId,jdbcType=VARCHAR}
  </select>
  <delete id="deleteByPrimaryKey" parameterType="java.lang.String">
    <!--
      WARNING - @mbggenerated
      This element is automatically generated by MyBatis Generator, do not modify.
    -->
    delete from tbl_kith_and_kin
    where kin_id = #{kinId,jdbcType=VARCHAR}
  </delete>
  <insert id="insert" parameterType="cn.comshinetechchina.hyjxyl.domain.KithAndKin">
    <!--
      WARNING - @mbggenerated
      This element is automatically generated by MyBatis Generator, do not modify.
    -->
    insert into tbl_kith_and_kin (kin_id, member_id, nick_member_id, 
      nick_name, relation_remark, special_concern, 
      allow_access, updated_date, created_date, 
      available, access_nick)
    values (#{kinId,jdbcType=VARCHAR}, #{memberId,jdbcType=VARCHAR}, #{nickMemberId,jdbcType=VARCHAR}, 
      #{nickName,jdbcType=VARCHAR}, #{relationRemark,jdbcType=VARCHAR}, #{specialConcern,jdbcType=INTEGER}, 
      #{allowAccess,jdbcType=INTEGER}, #{updatedDate,jdbcType=TIMESTAMP}, #{createdDate,jdbcType=TIMESTAMP}, 
      #{available,jdbcType=INTEGER}, #{accessNick,jdbcType=INTEGER})
  </insert>
  <insert id="insertSelective" parameterType="cn.comshinetechchina.hyjxyl.domain.KithAndKin">
    <!--
      WARNING - @mbggenerated
      This element is automatically generated by MyBatis Generator, do not modify.
    -->
    insert into tbl_kith_and_kin
    <trim prefix="(" suffix=")" suffixOverrides=",">
      <if test="kinId != null">
        kin_id,
      </if>
      <if test="memberId != null">
        member_id,
      </if>
      <if test="nickMemberId != null">
        nick_member_id,
      </if>
      <if test="nickName != null">
        nick_name,
      </if>
      <if test="relationRemark != null">
        relation_remark,
      </if>
      <if test="specialConcern != null">
        special_concern,
      </if>
      <if test="allowAccess != null">
        allow_access,
      </if>
      <if test="updatedDate != null">
        updated_date,
      </if>
      <if test="createdDate != null">
        created_date,
      </if>
      <if test="available != null">
        available,
      </if>
      <if test="accessNick != null">
        access_nick,
      </if>
    </trim>
    <trim prefix="values (" suffix=")" suffixOverrides=",">
      <if test="kinId != null">
        #{kinId,jdbcType=VARCHAR},
      </if>
      <if test="memberId != null">
        #{memberId,jdbcType=VARCHAR},
      </if>
      <if test="nickMemberId != null">
        #{nickMemberId,jdbcType=VARCHAR},
      </if>
      <if test="nickName != null">
        #{nickName,jdbcType=VARCHAR},
      </if>
      <if test="relationRemark != null">
        #{relationRemark,jdbcType=VARCHAR},
      </if>
      <if test="specialConcern != null">
        #{specialConcern,jdbcType=INTEGER},
      </if>
      <if test="allowAccess != null">
        #{allowAccess,jdbcType=INTEGER},
      </if>
      <if test="updatedDate != null">
        #{updatedDate,jdbcType=TIMESTAMP},
      </if>
      <if test="createdDate != null">
        #{createdDate,jdbcType=TIMESTAMP},
      </if>
      <if test="available != null">
        #{available,jdbcType=INTEGER},
      </if>
      <if test="accessNick != null">
        #{accessNick,jdbcType=INTEGER},
      </if>
    </trim>
  </insert>
  <update id="updateByPrimaryKeySelective" parameterType="cn.comshinetechchina.hyjxyl.domain.KithAndKin">
    <!--
      WARNING - @mbggenerated
      This element is automatically generated by MyBatis Generator, do not modify.
    -->
    update tbl_kith_and_kin
    <set>
      <if test="memberId != null">
        member_id = #{memberId,jdbcType=VARCHAR},
      </if>
      <if test="nickMemberId != null">
        nick_member_id = #{nickMemberId,jdbcType=VARCHAR},
      </if>
      <if test="nickName != null">
        nick_name = #{nickName,jdbcType=VARCHAR},
      </if>
      <if test="relationRemark != null">
        relation_remark = #{relationRemark,jdbcType=VARCHAR},
      </if>
      <if test="specialConcern != null">
        special_concern = #{specialConcern,jdbcType=INTEGER},
      </if>
      <if test="allowAccess != null">
        allow_access = #{allowAccess,jdbcType=INTEGER},
      </if>
      <if test="updatedDate != null">
        updated_date = #{updatedDate,jdbcType=TIMESTAMP},
      </if>
      <if test="createdDate != null">
        created_date = #{createdDate,jdbcType=TIMESTAMP},
      </if>
      <if test="available != null">
        available = #{available,jdbcType=INTEGER},
      </if>
      <if test="accessNick != null">
        access_nick = #{accessNick,jdbcType=INTEGER},
      </if>
    </set>
    where kin_id = #{kinId,jdbcType=VARCHAR}
  </update>
  <update id="updateByPrimaryKey" parameterType="cn.comshinetechchina.hyjxyl.domain.KithAndKin">
    <!--
      WARNING - @mbggenerated
      This element is automatically generated by MyBatis Generator, do not modify.
    -->
    update tbl_kith_and_kin
    set member_id = #{memberId,jdbcType=VARCHAR},
      nick_member_id = #{nickMemberId,jdbcType=VARCHAR},
      nick_name = #{nickName,jdbcType=VARCHAR},
      relation_remark = #{relationRemark,jdbcType=VARCHAR},
      special_concern = #{specialConcern,jdbcType=INTEGER},
      allow_access = #{allowAccess,jdbcType=INTEGER},
      updated_date = #{updatedDate,jdbcType=TIMESTAMP},
      created_date = #{createdDate,jdbcType=TIMESTAMP},
      available = #{available,jdbcType=INTEGER},
      access_nick = #{accessNick,jdbcType=INTEGER}
    where kin_id = #{kinId,jdbcType=VARCHAR}
  </update>
</mapper>