<?xml version="1.0" encoding="UTF-8"?>
<!DOCTYPE mapper PUBLIC "-//mybatis.org//DTD Mapper 3.0//EN" "http://mybatis.org/dtd/mybatis-3-mapper.dtd">
<mapper namespace="cn.comshinetechchina.hyjxyl.dao.mapper.LocationMapper">
  <resultMap id="BaseResultMap" type="cn.comshinetechchina.hyjxyl.domain.Location">
    <!--
      WARNING - @mbggenerated
      This element is automatically generated by MyBatis Generator, do not modify.
    -->
    <id column="location_id" jdbcType="VARCHAR" property="locationId" />
    <result column="device_type" jdbcType="VARCHAR" property="deviceType" />
    <result column="longitude" jdbcType="DOUBLE" property="longitude" />
    <result column="latitude" jdbcType="DOUBLE" property="latitude" />
    <result column="ip" jdbcType="VARCHAR" property="ip" />
    <result column="available" jdbcType="INTEGER" property="available" />
    <result column="member_id" jdbcType="VARCHAR" property="memberId" />
    <result column="created_date" jdbcType="TIMESTAMP" property="createdDate" />
    <result column="address" jdbcType="VARCHAR" property="address" />
  </resultMap>
  <sql id="Base_Column_List">
    <!--
      WARNING - @mbggenerated
      This element is automatically generated by MyBatis Generator, do not modify.
    -->
    location_id, device_type, longitude, latitude, ip, available, member_id, created_date, 
    address
  </sql>
  <select id="selectByPrimaryKey" parameterType="java.lang.String" resultMap="BaseResultMap">
    <!--
      WARNING - @mbggenerated
      This element is automatically generated by MyBatis Generator, do not modify.
    -->
    select 
    <include refid="Base_Column_List" />
    from tbl_locations
    where location_id = #{locationId,jdbcType=VARCHAR}
  </select>
  <delete id="deleteByPrimaryKey" parameterType="java.lang.String">
    <!--
      WARNING - @mbggenerated
      This element is automatically generated by MyBatis Generator, do not modify.
    -->
    delete from tbl_locations
    where location_id = #{locationId,jdbcType=VARCHAR}
  </delete>
  <insert id="insert" parameterType="cn.comshinetechchina.hyjxyl.domain.Location">
    <!--
      WARNING - @mbggenerated
      This element is automatically generated by MyBatis Generator, do not modify.
    -->
    insert into tbl_locations (location_id, device_type, longitude, 
      latitude, ip, available, 
      member_id, created_date, address
      )
    values (#{locationId,jdbcType=VARCHAR}, #{deviceType,jdbcType=VARCHAR}, #{longitude,jdbcType=DOUBLE}, 
      #{latitude,jdbcType=DOUBLE}, #{ip,jdbcType=VARCHAR}, #{available,jdbcType=INTEGER}, 
      #{memberId,jdbcType=VARCHAR}, #{createdDate,jdbcType=TIMESTAMP}, #{address,jdbcType=VARCHAR}
      )
  </insert>
  <insert id="insertSelective" parameterType="cn.comshinetechchina.hyjxyl.domain.Location">
    <!--
      WARNING - @mbggenerated
      This element is automatically generated by MyBatis Generator, do not modify.
    -->
    insert into tbl_locations
    <trim prefix="(" suffix=")" suffixOverrides=",">
      <if test="locationId != null">
        location_id,
      </if>
      <if test="deviceType != null">
        device_type,
      </if>
      <if test="longitude != null">
        longitude,
      </if>
      <if test="latitude != null">
        latitude,
      </if>
      <if test="ip != null">
        ip,
      </if>
      <if test="available != null">
        available,
      </if>
      <if test="memberId != null">
        member_id,
      </if>
      <if test="createdDate != null">
        created_date,
      </if>
      <if test="address != null">
        address,
      </if>
    </trim>
    <trim prefix="values (" suffix=")" suffixOverrides=",">
      <if test="locationId != null">
        #{locationId,jdbcType=VARCHAR},
      </if>
      <if test="deviceType != null">
        #{deviceType,jdbcType=VARCHAR},
      </if>
      <if test="longitude != null">
        #{longitude,jdbcType=DOUBLE},
      </if>
      <if test="latitude != null">
        #{latitude,jdbcType=DOUBLE},
      </if>
      <if test="ip != null">
        #{ip,jdbcType=VARCHAR},
      </if>
      <if test="available != null">
        #{available,jdbcType=INTEGER},
      </if>
      <if test="memberId != null">
        #{memberId,jdbcType=VARCHAR},
      </if>
      <if test="createdDate != null">
        #{createdDate,jdbcType=TIMESTAMP},
      </if>
      <if test="address != null">
        #{address,jdbcType=VARCHAR},
      </if>
    </trim>
  </insert>
  <update id="updateByPrimaryKeySelective" parameterType="cn.comshinetechchina.hyjxyl.domain.Location">
    <!--
      WARNING - @mbggenerated
      This element is automatically generated by MyBatis Generator, do not modify.
    -->
    update tbl_locations
    <set>
      <if test="deviceType != null">
        device_type = #{deviceType,jdbcType=VARCHAR},
      </if>
      <if test="longitude != null">
        longitude = #{longitude,jdbcType=DOUBLE},
      </if>
      <if test="latitude != null">
        latitude = #{latitude,jdbcType=DOUBLE},
      </if>
      <if test="ip != null">
        ip = #{ip,jdbcType=VARCHAR},
      </if>
      <if test="available != null">
        available = #{available,jdbcType=INTEGER},
      </if>
      <if test="memberId != null">
        member_id = #{memberId,jdbcType=VARCHAR},
      </if>
      <if test="createdDate != null">
        created_date = #{createdDate,jdbcType=TIMESTAMP},
      </if>
      <if test="address != null">
        address = #{address,jdbcType=VARCHAR},
      </if>
    </set>
    where location_id = #{locationId,jdbcType=VARCHAR}
  </update>
  <update id="updateByPrimaryKey" parameterType="cn.comshinetechchina.hyjxyl.domain.Location">
    <!--
      WARNING - @mbggenerated
      This element is automatically generated by MyBatis Generator, do not modify.
    -->
    update tbl_locations
    set device_type = #{deviceType,jdbcType=VARCHAR},
      longitude = #{longitude,jdbcType=DOUBLE},
      latitude = #{latitude,jdbcType=DOUBLE},
      ip = #{ip,jdbcType=VARCHAR},
      available = #{available,jdbcType=INTEGER},
      member_id = #{memberId,jdbcType=VARCHAR},
      created_date = #{createdDate,jdbcType=TIMESTAMP},
      address = #{address,jdbcType=VARCHAR}
    where location_id = #{locationId,jdbcType=VARCHAR}
  </update>
</mapper>