<?xml version="1.0" encoding="UTF-8"?>
<!DOCTYPE mapper PUBLIC "-//mybatis.org//DTD Mapper 3.0//EN" "http://mybatis.org/dtd/mybatis-3-mapper.dtd">
<mapper namespace="cn.comshinetechchina.hyjxyl.dao.LocationDao">
    <select id="selectLocationList" resultMap="cn.comshinetechchina.hyjxyl.dao.mapper.LocationMapper.BaseResultMap" parameterType="java.util.HashMap">
        select
        t.*,DATE_FORMAT(t.created_date,"%Y-%m-%d %H:%i:%s") as createDate
        from
        tbl_locations t
        where 1=1
        <if test="memberId!=null and memberId!=''">
            and  t.member_id=#{memberId}
        </if>
        <if test="available!=null and available!=''">
            and  t.available=#{available}
        </if>
        <if test="startDate!=null and startDate!=''">
            <![CDATA[
           AND DATE_FORMAT(t.created_date,"%Y-%m-%d")>=#{startDate}
           ]]>
        </if>
        <if test="endDate!=null and endDate!=''">
            <![CDATA[
           AND DATE_FORMAT(t.created_date,"%Y-%m-%d")<=#{endDate}
           ]]>
        </if>
        ORDER  by created_date desc
        limit #{rowStart},#{pageSize}
    </select>
    <select id="selectLocationListCount" resultType="Int" parameterType="java.util.HashMap">
        select  count(1)    from  tbl_locations t
        where 1=1
        <if test="memberId!=null and memberId!=''">
            and  t.member_id=#{memberId}
        </if>
        <if test="available!=null and available!=''">
            and  t.available=#{available}
        </if>
        <if test="startDate!=null and startDate!=''">
            <![CDATA[
           AND DATE_FORMAT(t.created_date,"%Y-%m-%d")>=#{startDate}
           ]]>
        </if>
        <if test="endDate!=null and endDate!=''">
            <![CDATA[
           AND DATE_FORMAT(t.created_date,"%Y-%m-%d")<=#{endDate}
           ]]>
        </if>
    </select>
</mapper>