<?xml version="1.0" encoding="UTF-8"?>
<!DOCTYPE mapper PUBLIC "-//mybatis.org//DTD Mapper 3.0//EN" "http://mybatis.org/dtd/mybatis-3-mapper.dtd">
<mapper namespace="cn.comshinetechchina.hyjxyl.dao.MembersDao">
    <select id="selectOneMembers" resultMap="cn.comshinetechchina.hyjxyl.dao.mapper.MembersMapper.BaseResultMap" parameterType="java.util.HashMap">
     select
        <include refid="cn.comshinetechchina.hyjxyl.dao.mapper.MembersMapper.Base_Column_List" />
     from
     tbl_members
     where  1=1
        <if test="token!=null and token !=''">
            and token= #{token}
        </if>
       <if test="phoneNo!=null and phoneNo!=''">
          and phone= #{phoneNo}
       </if>
        ORDER  by CREATED_DATE desc
        limit 1
    </select>
    <select id="selectMemberInfoList" parameterType="java.util.HashMap" resultType="cn.comshinetechchina.hyjxyl.domain.MemberInfo">
SELECT  t.member_id as memberId,m.`name`,t.`phone`,card.`card_no` AS cardNo,t1.`name` AS cardTypeName,m.id_no as idNo,
CASE WHEN m.sex='1' THEN '男'
WHEN m.sex='2' THEN '女' ELSE '' END AS sex,
c1.config_value AS nationName,
CASE WHEN m.province_id IN(1,2,3,4)
THEN  CONCAT_WS('',c.name,a.area_name,m.area_name)
ELSE  CONCAT_WS('',p.name,c.name,a.area_name,m.area_name)     END AS houseAddress,
IF(t.available=1,'启用','停用') AS state,
DATE_FORMAT(t.created_date,"%Y-%m-%d %H:%i:%s") AS registerDate,
m.age,
CASE WHEN   t.openid !=''  THEN '是'
ELSE '否'  END AS isBind,
        <![CDATA[
IF(m.last_update_time<t.updated_date,DATE_FORMAT(t.updated_date,"%Y-%m-%d %H:%i:%s"),DATE_FORMAT(m.last_update_time,"%Y-%m-%d %H:%i:%s")) AS lastUpdateDate
]]>
FROM tbl_members t
LEFT JOIN  `tbl_member_extend` m ON t.`member_id`=m.`member_id`
LEFT JOIN   tbl_cards card ON t.`card_id`=card.`card_id`
LEFT JOIN   tbl_card_types t1 ON card.`card_type_id`=t1.`card_type_id`
LEFT JOIN   tbl_config c1 ON m.nation_id=c1.config_id
LEFT JOIN   tbl_provinces p ON m.province_id=p.province_id
LEFT JOIN   tbl_cities c ON m.city_id=c.city_id
LEFT JOIN   tbl_areas a ON m.area_id=a.area_id
where 1=1
        <if test="memberId!=null and memberId !=''">
            and t.member_id=#{memberId}
        </if>
        <if test="cardNo!=null and cardNo !=''">
            and (card.`card_no`= #{cardNo} or t.phone= #{cardNo} or m.name like CONCAT('%',#{cardNo},'%') )
        </if>
        <if test="sex!=null and sex!=''">
            and m.sex= #{sex}
        </if>
        <if test="nationId!=null and nationId!=''">
            and m.nation_id= #{nationId}
        </if>
        <if test="provinceId!=null and provinceId!=''">
            and m.province_id= #{provinceId}
        </if>
        <if test="cityId!=null and cityId!=''">
            and m.city_Id= #{cityId}
        </if>
        <if test="areaId!=null and areaId!=''">
            and m.area_id= #{areaId}
        </if>
        <if test="communityId!=null and communityId!=''">
            and m.community_id= #{communityId}
        </if>
        <if test="areaName!=null and areaName!=''">
            and m.area_name like CONCAT('%',#{areaName},'%')
        </if>
        <if test="tenantId!=null and tenantId!=''">
            and t.tenant_id= #{tenantId}
        </if>
        <if test="ageStr!=null and ageStr!=''">
            <![CDATA[
            and m.age>= #{ageStr}
             ]]>
        </if>
        <if test="ageEnd!=null and ageEnd!=''">
            <![CDATA[
            and m.age<= #{ageEnd}
           ]]>
        </if>
        <if test="registerStr!=null and registerStr!=''">
            <![CDATA[
            and DATE_FORMAT(t.created_date,"%Y-%m-%d")>=#{registerStr}
                ]]>
        </if>
        <if test="registerEnd!=null and registerEnd!=''">
            <![CDATA[
            and DATE_FORMAT(t.created_date,"%Y-%m-%d")<=#{registerEnd}
                ]]>
        </if>
        <if test="state!=null and state!=''">
            and t.available= #{state}
        </if>
        <if test="pushFlag!=null and pushFlag!=''">
            and t.token is null
        </if>
        ORDER BY t.updated_date DESC ,m.last_update_time DESC
        limit #{rowStart}, #{pageSize}
    </select>
    <select id="selectMemberInfoListCount" parameterType="java.util.HashMap" resultType="int">
        SELECT  count(1)
        FROM tbl_members t
        LEFT JOIN  `tbl_member_extend` m ON t.`member_id`=m.`member_id`
        LEFT JOIN   tbl_cards card ON t.`card_id`=card.`card_id`
        LEFT JOIN   tbl_card_types t1 ON card.`card_type_id`=t1.`card_type_id`
        LEFT JOIN   tbl_config c1 ON m.nation_id=c1.config_id
        LEFT JOIN   tbl_provinces p ON m.province_id=p.province_id
        LEFT JOIN   tbl_cities c ON m.city_id=c.city_id
        LEFT JOIN   tbl_areas a ON m.area_id=a.area_id
        where 1=1
        <if test="memberId!=null and memberId !=''">
            and t.member_id=#{memberId}
        </if>
        <if test="cardNo!=null and cardNo !=''">
            and (card.`card_no`= #{cardNo} or t.phone= #{cardNo} or m.name like CONCAT('%',#{cardNo},'%') )
        </if>
        <if test="sex!=null and sex!=''">
            and m.sex= #{sex}
        </if>
        <if test="nationId!=null and nationId!=''">
            and m.nation_id= #{nationId}
        </if>
        <if test="provinceId!=null and provinceId!=''">
            and m.province_id= #{provinceId}
        </if>
        <if test="cityId!=null and cityId!=''">
            and m.city_Id= #{cityId}
        </if>
        <if test="areaId!=null and areaId!=''">
            and m.area_id= #{areaId}
        </if>
        <if test="communityId!=null and communityId!=''">
            and m.community_id= #{communityId}
        </if>
        <if test="areaName!=null and areaName!=''">
            and m.area_name like CONCAT('%',#{areaName},'%')
        </if>
        <if test="tenantId!=null and tenantId!=''">
            and t.tenant_id= #{tenantId}
        </if>
        <if test="ageStr!=null and ageStr!=''">
            <![CDATA[
            and m.age>= #{ageStr}
             ]]>
        </if>
        <if test="ageEnd!=null and ageEnd!=''">
          <![CDATA[
            and m.age<= #{ageEnd}
           ]]>
        </if>
        <if test="registerStr!=null and registerStr!=''">
            <![CDATA[
            and DATE_FORMAT(t.created_date,"%Y-%m-%d")>=#{registerStr}
                ]]>
        </if>
        <if test="registerEnd!=null and registerEnd!=''">
            <![CDATA[
            and DATE_FORMAT(t.created_date,"%Y-%m-%d")<=#{registerEnd}
                ]]>
        </if>
        <if test="state!=null and state!=''">
            and t.available= #{state}
        </if>
        <if test="pushFlag!=null and pushFlag!=''">
            and t.token is null
        </if>
    </select>
    <select id="selectMemberInfoDetail" parameterType="String" resultType="cn.comshinetechchina.hyjxyl.domain.MemberInfo">
    SELECT  t.member_id as memberId,m.`name`,t.`phone`,card.`card_no` AS cardNo,t1.`name` AS cardTypeName,m.id_no as idNo,
    CASE WHEN m.sex='1' THEN '男'
    WHEN m.sex='2' THEN '女' ELSE '' END AS sex,
    c1.config_value AS nationName,
    CASE WHEN m.province_id IN(1,2,3,4)
    THEN  CONCAT_WS('',c.name,a.area_name,m.area_name)
    ELSE  CONCAT_WS('',p.name,c.name,a.area_name,m.area_name)    END AS houseAddress,
    IF(t.available=1,'启用','停用') AS state,
    DATE_FORMAT(t.created_date,"%Y-%m-%d %H:%i:%s") AS registerDate,
    DATE_FORMAT(t.updated_date,"%Y-%m-%d %H:%i:%s") AS lastUpdateDate,
    m.age,
    DATE_FORMAT(m.birthDay,"%Y-%m-%d") AS birthday,
    m.province_id as provinceId,
    m.city_id as cityId,
    m.area_id as areaId,
    m.area_name AS areaName,
    card.face_no as faceNo
    FROM tbl_members t
    LEFT JOIN  `tbl_member_extend` m ON t.`member_id`=m.`member_id`
    LEFT JOIN   tbl_cards card ON t.`card_id`=card.`card_id`
    LEFT JOIN   tbl_card_types t1 ON card.`card_type_id`=t1.`card_type_id`
    LEFT JOIN tbl_config c1 ON m.nation_id=c1.config_id
    LEFT JOIN   tbl_provinces p ON m.province_id=p.province_id
    LEFT JOIN   tbl_cities c ON m.city_id=c.city_id
    LEFT JOIN   tbl_areas a ON m.area_id=a.area_id
    where  t.member_id=#{memberId}
    limit 1
    </select>

    <update id="batchUpdateMemberStatus" parameterType="java.util.HashMap">
        update tbl_members
        set available=#{available}
        where  member_id in
        <foreach collection="list" item="memberId" index="index"
                 open="(" close=")" separator=",">
            #{memberId}
        </foreach>
    </update>
    <select id="selectMemberInfoObjDetail" parameterType="String" resultType="cn.comshinetechchina.hyjxyl.domain.MemberInfoObj">
        SELECT  t.member_id AS memberId,m.`name`,t.`phone`,card.`card_no` AS cardNo,t1.`name` AS cardTypeName,m.id_no AS idNo,
        CASE WHEN m.sex='1' THEN '男'
        WHEN m.sex='2' THEN '女' ELSE '' END AS sex,
        c1.config_value AS nationName,
        CASE WHEN m.province_id IN(1,2,3,4)
        THEN  CONCAT_WS('',c.name,a.area_name,m.area_name)
        ELSE  CONCAT_WS('',p.name,c.name,a.area_name,m.area_name)    END AS houseAddress,
        IF(t.available=1,'启用','停用') AS state,
        DATE_FORMAT(t.created_date,"%Y-%m-%d %H:%i:%s") AS registerDate,
        DATE_FORMAT(t.updated_date,"%Y-%m-%d %H:%i:%s") AS lastUpdateDate,
        m.age,
        DATE_FORMAT(m.birthDay,"%Y-%m-%d") AS birthday,
        m.province_id AS provinceId,
        m.city_id AS cityId,
        m.area_id AS areaId,
        m.area_name AS areaName,
        m.remark,
        m.work_unit AS workUnit,
        c2.config_value AS education,
        c3.config_value AS economicSources,
        c4.config_value AS healthCategory,
        c5.config_value AS liveType,
        m.son_number AS sonNumber,
        m.daughter_number AS daughterNumber,
        IF(m.live_category=1,'是','否') AS liveCategory,

        c6.config_value AS liveCategoryId,
        IF(m.has_nanny=1,'需要','不需要') AS hasNanny,
        c7.config_value AS nannyCategoryId

        FROM tbl_members t
        LEFT JOIN  `tbl_member_extend` m ON t.`member_id`=m.`member_id`
        LEFT JOIN   tbl_cards card ON t.`card_id`=card.`card_id`
        LEFT JOIN   tbl_card_types t1 ON card.`card_type_id`=t1.`card_type_id`
        LEFT JOIN   tbl_config c1 ON m.nation_id=c1.config_id
        LEFT JOIN   tbl_provinces p ON m.province_id=p.province_id
        LEFT JOIN   tbl_cities c ON m.city_id=c.city_id
        LEFT JOIN   tbl_areas a ON m.area_id=a.area_id

        LEFT JOIN   tbl_config c2 ON m.education_id=c2.config_id
        LEFT JOIN   tbl_config c3 ON m.economic_sources_id=c3.config_id
        LEFT JOIN   tbl_config c4 ON m.health_category_id=c4.config_id
        LEFT JOIN   tbl_config c5 ON m.live_type_id=c5.config_id
        LEFT JOIN   tbl_config c6 ON m.live_category_id=c6.config_id
        LEFT JOIN   tbl_config c7 ON m.nanny_category_id=c7.config_id
        where  t.member_id=#{memberId}
        limit 1
    </select>
    <select id="selectOneMemberByOpenId" resultType="cn.comshinetechchina.hyjxyl.domain.MemberInfoObj" parameterType="String">
         SELECT
         t.member_id AS memberId,m.`name`,t.`phone`,t.available AS state
         FROM tbl_members t
         LEFT JOIN  `tbl_member_extend` m ON t.`member_id`=m.`member_id`
         where  t.openId=#{openId}
         ORDER  BY t.CREATED_DATE DESC
        LIMIT 1
    </select>
    <update id="updateMembersToken" parameterType="String">
      update tbl_members set token='' where member_id=#{memberId}
    </update>

    <select id="getMemberByPara" parameterType="java.util.HashMap" resultType="cn.comshinetechchina.hyjxyl.domain.MemberObj">
SELECT m.member_id AS memberId,ex.name AS userName,card.card_id as cardId,
ex.sex ,
DATE_FORMAT(ex.birthday, '%Y-%m-%d')  AS birthday,
m.phone,
ex.id_no AS idcard
 FROM tbl_members m
LEFT JOIN tbl_member_extend ex ON m.member_id=ex.member_id
LEFT JOIN tbl_cards card ON m.`card_id`=card.`card_id`
where 1=1
<if test="idNo!=null and idNo!=''">
   and  ex.id_no=#{idNo}
</if>
  <if test="phone!=null and phone!=''">
  and m.phone=#{phone}
 </if>
 <if test="cardNo!=null and cardNo!=''">
     and   card.`card_no`=#{cardNo}
  </if>
    </select>
</mapper>