<?xml version="1.0" encoding="UTF-8"?>
<!DOCTYPE mapper PUBLIC "-//mybatis.org//DTD Mapper 3.0//EN" "http://mybatis.org/dtd/mybatis-3-mapper.dtd">
<mapper namespace="cn.comshinetechchina.hyjxyl.dao.mapper.MembersMapper">
  <resultMap id="BaseResultMap" type="cn.comshinetechchina.hyjxyl.domain.Members">
    <!--
      WARNING - @mbggenerated
      This element is automatically generated by MyBatis Generator, do not modify.
    -->
    <id column="member_id" jdbcType="VARCHAR" property="memberId" />
    <result column="phone" jdbcType="VARCHAR" property="phone" />
    <result column="password" jdbcType="VARCHAR" property="password" />
    <result column="card_id" jdbcType="VARCHAR" property="cardId" />
    <result column="tenant_id" jdbcType="VARCHAR" property="tenantId" />
    <result column="available" jdbcType="INTEGER" property="available" />
    <result column="created_date" jdbcType="TIMESTAMP" property="createdDate" />
    <result column="updated_date" jdbcType="TIMESTAMP" property="updatedDate" />
    <result column="create_by" jdbcType="VARCHAR" property="createBy" />
    <result column="openid" jdbcType="VARCHAR" property="openid" />
    <result column="create_type" jdbcType="INTEGER" property="createType" />
    <result column="sale_account" jdbcType="VARCHAR" property="saleAccount" />
    <result column="token" jdbcType="VARCHAR" property="token" />
    <result column="card_reference" jdbcType="VARCHAR" property="cardReference" />
    <result column="remark" jdbcType="VARCHAR" property="remark" />
  </resultMap>
  <sql id="Base_Column_List">
    <!--
      WARNING - @mbggenerated
      This element is automatically generated by MyBatis Generator, do not modify.
    -->
    member_id, phone, password, card_id, tenant_id, available, created_date, updated_date, 
    create_by, openid, create_type, sale_account, token, card_reference, remark
  </sql>
  <select id="selectByPrimaryKey" parameterType="java.lang.String" resultMap="BaseResultMap">
    <!--
      WARNING - @mbggenerated
      This element is automatically generated by MyBatis Generator, do not modify.
    -->
    select 
    <include refid="Base_Column_List" />
    from tbl_members
    where member_id = #{memberId,jdbcType=VARCHAR}
  </select>
  <delete id="deleteByPrimaryKey" parameterType="java.lang.String">
    <!--
      WARNING - @mbggenerated
      This element is automatically generated by MyBatis Generator, do not modify.
    -->
    delete from tbl_members
    where member_id = #{memberId,jdbcType=VARCHAR}
  </delete>
  <insert id="insert" parameterType="cn.comshinetechchina.hyjxyl.domain.Members">
    <!--
      WARNING - @mbggenerated
      This element is automatically generated by MyBatis Generator, do not modify.
    -->
    insert into tbl_members (member_id, phone, password, 
      card_id, tenant_id, available, 
      created_date, updated_date, create_by, 
      openid, create_type, sale_account, 
      token, card_reference, remark
      )
    values (#{memberId,jdbcType=VARCHAR}, #{phone,jdbcType=VARCHAR}, #{password,jdbcType=VARCHAR}, 
      #{cardId,jdbcType=VARCHAR}, #{tenantId,jdbcType=VARCHAR}, #{available,jdbcType=INTEGER}, 
      #{createdDate,jdbcType=TIMESTAMP}, #{updatedDate,jdbcType=TIMESTAMP}, #{createBy,jdbcType=VARCHAR}, 
      #{openid,jdbcType=VARCHAR}, #{createType,jdbcType=INTEGER}, #{saleAccount,jdbcType=VARCHAR}, 
      #{token,jdbcType=VARCHAR}, #{cardReference,jdbcType=VARCHAR}, #{remark,jdbcType=VARCHAR}
      )
  </insert>
  <insert id="insertSelective" parameterType="cn.comshinetechchina.hyjxyl.domain.Members">
    <!--
      WARNING - @mbggenerated
      This element is automatically generated by MyBatis Generator, do not modify.
    -->
    insert into tbl_members
    <trim prefix="(" suffix=")" suffixOverrides=",">
      <if test="memberId != null">
        member_id,
      </if>
      <if test="phone != null">
        phone,
      </if>
      <if test="password != null">
        password,
      </if>
      <if test="cardId != null">
        card_id,
      </if>
      <if test="tenantId != null">
        tenant_id,
      </if>
      <if test="available != null">
        available,
      </if>
      <if test="createdDate != null">
        created_date,
      </if>
      <if test="updatedDate != null">
        updated_date,
      </if>
      <if test="createBy != null">
        create_by,
      </if>
      <if test="openid != null">
        openid,
      </if>
      <if test="createType != null">
        create_type,
      </if>
      <if test="saleAccount != null">
        sale_account,
      </if>
      <if test="token != null">
        token,
      </if>
      <if test="cardReference != null">
        card_reference,
      </if>
      <if test="remark != null">
        remark,
      </if>
    </trim>
    <trim prefix="values (" suffix=")" suffixOverrides=",">
      <if test="memberId != null">
        #{memberId,jdbcType=VARCHAR},
      </if>
      <if test="phone != null">
        #{phone,jdbcType=VARCHAR},
      </if>
      <if test="password != null">
        #{password,jdbcType=VARCHAR},
      </if>
      <if test="cardId != null">
        #{cardId,jdbcType=VARCHAR},
      </if>
      <if test="tenantId != null">
        #{tenantId,jdbcType=VARCHAR},
      </if>
      <if test="available != null">
        #{available,jdbcType=INTEGER},
      </if>
      <if test="createdDate != null">
        #{createdDate,jdbcType=TIMESTAMP},
      </if>
      <if test="updatedDate != null">
        #{updatedDate,jdbcType=TIMESTAMP},
      </if>
      <if test="createBy != null">
        #{createBy,jdbcType=VARCHAR},
      </if>
      <if test="openid != null">
        #{openid,jdbcType=VARCHAR},
      </if>
      <if test="createType != null">
        #{createType,jdbcType=INTEGER},
      </if>
      <if test="saleAccount != null">
        #{saleAccount,jdbcType=VARCHAR},
      </if>
      <if test="token != null">
        #{token,jdbcType=VARCHAR},
      </if>
      <if test="cardReference != null">
        #{cardReference,jdbcType=VARCHAR},
      </if>
      <if test="remark != null">
        #{remark,jdbcType=VARCHAR},
      </if>
    </trim>
  </insert>
  <update id="updateByPrimaryKeySelective" parameterType="cn.comshinetechchina.hyjxyl.domain.Members">
    <!--
      WARNING - @mbggenerated
      This element is automatically generated by MyBatis Generator, do not modify.
    -->
    update tbl_members
    <set>
      <if test="phone != null">
        phone = #{phone,jdbcType=VARCHAR},
      </if>
      <if test="password != null">
        password = #{password,jdbcType=VARCHAR},
      </if>
      <if test="cardId != null">
        card_id = #{cardId,jdbcType=VARCHAR},
      </if>
      <if test="tenantId != null">
        tenant_id = #{tenantId,jdbcType=VARCHAR},
      </if>
      <if test="available != null">
        available = #{available,jdbcType=INTEGER},
      </if>
      <if test="createdDate != null">
        created_date = #{createdDate,jdbcType=TIMESTAMP},
      </if>
      <if test="updatedDate != null">
        updated_date = #{updatedDate,jdbcType=TIMESTAMP},
      </if>
      <if test="createBy != null">
        create_by = #{createBy,jdbcType=VARCHAR},
      </if>
      <if test="openid != null">
        openid = #{openid,jdbcType=VARCHAR},
      </if>
      <if test="createType != null">
        create_type = #{createType,jdbcType=INTEGER},
      </if>
      <if test="saleAccount != null">
        sale_account = #{saleAccount,jdbcType=VARCHAR},
      </if>
      <if test="token != null">
        token = #{token,jdbcType=VARCHAR},
      </if>
      <if test="cardReference != null">
        card_reference = #{cardReference,jdbcType=VARCHAR},
      </if>
      <if test="remark != null">
        remark = #{remark,jdbcType=VARCHAR},
      </if>
    </set>
    where member_id = #{memberId,jdbcType=VARCHAR}
  </update>
  <update id="updateByPrimaryKey" parameterType="cn.comshinetechchina.hyjxyl.domain.Members">
    <!--
      WARNING - @mbggenerated
      This element is automatically generated by MyBatis Generator, do not modify.
    -->
    update tbl_members
    set phone = #{phone,jdbcType=VARCHAR},
      password = #{password,jdbcType=VARCHAR},
      card_id = #{cardId,jdbcType=VARCHAR},
      tenant_id = #{tenantId,jdbcType=VARCHAR},
      available = #{available,jdbcType=INTEGER},
      created_date = #{createdDate,jdbcType=TIMESTAMP},
      updated_date = #{updatedDate,jdbcType=TIMESTAMP},
      create_by = #{createBy,jdbcType=VARCHAR},
      openid = #{openid,jdbcType=VARCHAR},
      create_type = #{createType,jdbcType=INTEGER},
      sale_account = #{saleAccount,jdbcType=VARCHAR},
      token = #{token,jdbcType=VARCHAR},
      card_reference = #{cardReference,jdbcType=VARCHAR},
      remark = #{remark,jdbcType=VARCHAR}
    where member_id = #{memberId,jdbcType=VARCHAR}
  </update>
</mapper>