<?xml version="1.0" encoding="UTF-8"?>
<!DOCTYPE mapper PUBLIC "-//mybatis.org//DTD Mapper 3.0//EN" "http://mybatis.org/dtd/mybatis-3-mapper.dtd">
<mapper namespace="cn.comshinetechchina.hyjxyl.dao.mapper.MemberHealthMapper">
  <resultMap id="BaseResultMap" type="cn.comshinetechchina.hyjxyl.domain.MemberHealth">
    <!--
      WARNING - @mbggenerated
      This element is automatically generated by MyBatis Generator, do not modify.
    -->
    <id column="health_id" jdbcType="VARCHAR" property="healthId" />
    <result column="member_id" jdbcType="VARCHAR" property="memberId" />
    <result column="height" jdbcType="INTEGER" property="height" />
    <result column="weight" jdbcType="INTEGER" property="weight" />
    <result column="smoke_situation" jdbcType="VARCHAR" property="smokeSituation" />
    <result column="drink_situation" jdbcType="VARCHAR" property="drinkSituation" />
    <result column="food_preference" jdbcType="VARCHAR" property="foodPreference" />
    <result column="sleep_quality" jdbcType="VARCHAR" property="sleepQuality" />
    <result column="emotional_status" jdbcType="VARCHAR" property="emotionalStatus" />
    <result column="exercise_frequency" jdbcType="VARCHAR" property="exerciseFrequency" />
    <result column="diseases_history" jdbcType="VARCHAR" property="diseasesHistory" />
    <result column="diseases_other" jdbcType="VARCHAR" property="diseasesOther" />
    <result column="allergic_history" jdbcType="VARCHAR" property="allergicHistory" />
    <result column="allergic_other" jdbcType="VARCHAR" property="allergicOther" />
    <result column="last_update_time" jdbcType="TIMESTAMP" property="lastUpdateTime" />
    <result column="allergic_medicine" jdbcType="VARCHAR" property="allergicMedicine" />
    <result column="recent_situation" jdbcType="VARCHAR" property="recentSituation" />
    <result column="food_situation" jdbcType="VARCHAR" property="foodSituation" />
    <result column="defecation_situation" jdbcType="VARCHAR" property="defecationSituation" />
    <result column="defecation_rate" jdbcType="VARCHAR" property="defecationRate" />
  </resultMap>
  <sql id="Base_Column_List">
    <!--
      WARNING - @mbggenerated
      This element is automatically generated by MyBatis Generator, do not modify.
    -->
    health_id, member_id, height, weight, smoke_situation, drink_situation, food_preference, 
    sleep_quality, emotional_status, exercise_frequency, diseases_history, diseases_other, 
    allergic_history, allergic_other, last_update_time, allergic_medicine, recent_situation, 
    food_situation, defecation_situation, defecation_rate
  </sql>
  <select id="selectByPrimaryKey" parameterType="java.lang.String" resultMap="BaseResultMap">
    <!--
      WARNING - @mbggenerated
      This element is automatically generated by MyBatis Generator, do not modify.
    -->
    select 
    <include refid="Base_Column_List" />
    from tbl_member_healths
    where health_id = #{healthId,jdbcType=VARCHAR}
  </select>
  <delete id="deleteByPrimaryKey" parameterType="java.lang.String">
    <!--
      WARNING - @mbggenerated
      This element is automatically generated by MyBatis Generator, do not modify.
    -->
    delete from tbl_member_healths
    where health_id = #{healthId,jdbcType=VARCHAR}
  </delete>
  <insert id="insert" parameterType="cn.comshinetechchina.hyjxyl.domain.MemberHealth">
    <!--
      WARNING - @mbggenerated
      This element is automatically generated by MyBatis Generator, do not modify.
    -->
    insert into tbl_member_healths (health_id, member_id, height, 
      weight, smoke_situation, drink_situation, 
      food_preference, sleep_quality, emotional_status, 
      exercise_frequency, diseases_history, diseases_other, 
      allergic_history, allergic_other, last_update_time, 
      allergic_medicine, recent_situation, food_situation, 
      defecation_situation, defecation_rate)
    values (#{healthId,jdbcType=VARCHAR}, #{memberId,jdbcType=VARCHAR}, #{height,jdbcType=INTEGER}, 
      #{weight,jdbcType=INTEGER}, #{smokeSituation,jdbcType=VARCHAR}, #{drinkSituation,jdbcType=VARCHAR}, 
      #{foodPreference,jdbcType=VARCHAR}, #{sleepQuality,jdbcType=VARCHAR}, #{emotionalStatus,jdbcType=VARCHAR}, 
      #{exerciseFrequency,jdbcType=VARCHAR}, #{diseasesHistory,jdbcType=VARCHAR}, #{diseasesOther,jdbcType=VARCHAR}, 
      #{allergicHistory,jdbcType=VARCHAR}, #{allergicOther,jdbcType=VARCHAR}, #{lastUpdateTime,jdbcType=TIMESTAMP}, 
      #{allergicMedicine,jdbcType=VARCHAR}, #{recentSituation,jdbcType=VARCHAR}, #{foodSituation,jdbcType=VARCHAR}, 
      #{defecationSituation,jdbcType=VARCHAR}, #{defecationRate,jdbcType=VARCHAR})
  </insert>
  <insert id="insertSelective" parameterType="cn.comshinetechchina.hyjxyl.domain.MemberHealth">
    <!--
      WARNING - @mbggenerated
      This element is automatically generated by MyBatis Generator, do not modify.
    -->
    insert into tbl_member_healths
    <trim prefix="(" suffix=")" suffixOverrides=",">
      <if test="healthId != null">
        health_id,
      </if>
      <if test="memberId != null">
        member_id,
      </if>
      <if test="height != null">
        height,
      </if>
      <if test="weight != null">
        weight,
      </if>
      <if test="smokeSituation != null">
        smoke_situation,
      </if>
      <if test="drinkSituation != null">
        drink_situation,
      </if>
      <if test="foodPreference != null">
        food_preference,
      </if>
      <if test="sleepQuality != null">
        sleep_quality,
      </if>
      <if test="emotionalStatus != null">
        emotional_status,
      </if>
      <if test="exerciseFrequency != null">
        exercise_frequency,
      </if>
      <if test="diseasesHistory != null">
        diseases_history,
      </if>
      <if test="diseasesOther != null">
        diseases_other,
      </if>
      <if test="allergicHistory != null">
        allergic_history,
      </if>
      <if test="allergicOther != null">
        allergic_other,
      </if>
      <if test="lastUpdateTime != null">
        last_update_time,
      </if>
      <if test="allergicMedicine != null">
        allergic_medicine,
      </if>
      <if test="recentSituation != null">
        recent_situation,
      </if>
      <if test="foodSituation != null">
        food_situation,
      </if>
      <if test="defecationSituation != null">
        defecation_situation,
      </if>
      <if test="defecationRate != null">
        defecation_rate,
      </if>
    </trim>
    <trim prefix="values (" suffix=")" suffixOverrides=",">
      <if test="healthId != null">
        #{healthId,jdbcType=VARCHAR},
      </if>
      <if test="memberId != null">
        #{memberId,jdbcType=VARCHAR},
      </if>
      <if test="height != null">
        #{height,jdbcType=INTEGER},
      </if>
      <if test="weight != null">
        #{weight,jdbcType=INTEGER},
      </if>
      <if test="smokeSituation != null">
        #{smokeSituation,jdbcType=VARCHAR},
      </if>
      <if test="drinkSituation != null">
        #{drinkSituation,jdbcType=VARCHAR},
      </if>
      <if test="foodPreference != null">
        #{foodPreference,jdbcType=VARCHAR},
      </if>
      <if test="sleepQuality != null">
        #{sleepQuality,jdbcType=VARCHAR},
      </if>
      <if test="emotionalStatus != null">
        #{emotionalStatus,jdbcType=VARCHAR},
      </if>
      <if test="exerciseFrequency != null">
        #{exerciseFrequency,jdbcType=VARCHAR},
      </if>
      <if test="diseasesHistory != null">
        #{diseasesHistory,jdbcType=VARCHAR},
      </if>
      <if test="diseasesOther != null">
        #{diseasesOther,jdbcType=VARCHAR},
      </if>
      <if test="allergicHistory != null">
        #{allergicHistory,jdbcType=VARCHAR},
      </if>
      <if test="allergicOther != null">
        #{allergicOther,jdbcType=VARCHAR},
      </if>
      <if test="lastUpdateTime != null">
        #{lastUpdateTime,jdbcType=TIMESTAMP},
      </if>
      <if test="allergicMedicine != null">
        #{allergicMedicine,jdbcType=VARCHAR},
      </if>
      <if test="recentSituation != null">
        #{recentSituation,jdbcType=VARCHAR},
      </if>
      <if test="foodSituation != null">
        #{foodSituation,jdbcType=VARCHAR},
      </if>
      <if test="defecationSituation != null">
        #{defecationSituation,jdbcType=VARCHAR},
      </if>
      <if test="defecationRate != null">
        #{defecationRate,jdbcType=VARCHAR},
      </if>
    </trim>
  </insert>
  <update id="updateByPrimaryKeySelective" parameterType="cn.comshinetechchina.hyjxyl.domain.MemberHealth">
    <!--
      WARNING - @mbggenerated
      This element is automatically generated by MyBatis Generator, do not modify.
    -->
    update tbl_member_healths
    <set>
      <if test="memberId != null">
        member_id = #{memberId,jdbcType=VARCHAR},
      </if>
      <if test="height != null">
        height = #{height,jdbcType=INTEGER},
      </if>
      <if test="weight != null">
        weight = #{weight,jdbcType=INTEGER},
      </if>
      <if test="smokeSituation != null">
        smoke_situation = #{smokeSituation,jdbcType=VARCHAR},
      </if>
      <if test="drinkSituation != null">
        drink_situation = #{drinkSituation,jdbcType=VARCHAR},
      </if>
      <if test="foodPreference != null">
        food_preference = #{foodPreference,jdbcType=VARCHAR},
      </if>
      <if test="sleepQuality != null">
        sleep_quality = #{sleepQuality,jdbcType=VARCHAR},
      </if>
      <if test="emotionalStatus != null">
        emotional_status = #{emotionalStatus,jdbcType=VARCHAR},
      </if>
      <if test="exerciseFrequency != null">
        exercise_frequency = #{exerciseFrequency,jdbcType=VARCHAR},
      </if>
      <if test="diseasesHistory != null">
        diseases_history = #{diseasesHistory,jdbcType=VARCHAR},
      </if>
      <if test="diseasesOther != null">
        diseases_other = #{diseasesOther,jdbcType=VARCHAR},
      </if>
      <if test="allergicHistory != null">
        allergic_history = #{allergicHistory,jdbcType=VARCHAR},
      </if>
      <if test="allergicOther != null">
        allergic_other = #{allergicOther,jdbcType=VARCHAR},
      </if>
      <if test="lastUpdateTime != null">
        last_update_time = #{lastUpdateTime,jdbcType=TIMESTAMP},
      </if>
      <if test="allergicMedicine != null">
        allergic_medicine = #{allergicMedicine,jdbcType=VARCHAR},
      </if>
      <if test="recentSituation != null">
        recent_situation = #{recentSituation,jdbcType=VARCHAR},
      </if>
      <if test="foodSituation != null">
        food_situation = #{foodSituation,jdbcType=VARCHAR},
      </if>
      <if test="defecationSituation != null">
        defecation_situation = #{defecationSituation,jdbcType=VARCHAR},
      </if>
      <if test="defecationRate != null">
        defecation_rate = #{defecationRate,jdbcType=VARCHAR},
      </if>
    </set>
    where health_id = #{healthId,jdbcType=VARCHAR}
  </update>
  <update id="updateByPrimaryKey" parameterType="cn.comshinetechchina.hyjxyl.domain.MemberHealth">
    <!--
      WARNING - @mbggenerated
      This element is automatically generated by MyBatis Generator, do not modify.
    -->
    update tbl_member_healths
    set member_id = #{memberId,jdbcType=VARCHAR},
      height = #{height,jdbcType=INTEGER},
      weight = #{weight,jdbcType=INTEGER},
      smoke_situation = #{smokeSituation,jdbcType=VARCHAR},
      drink_situation = #{drinkSituation,jdbcType=VARCHAR},
      food_preference = #{foodPreference,jdbcType=VARCHAR},
      sleep_quality = #{sleepQuality,jdbcType=VARCHAR},
      emotional_status = #{emotionalStatus,jdbcType=VARCHAR},
      exercise_frequency = #{exerciseFrequency,jdbcType=VARCHAR},
      diseases_history = #{diseasesHistory,jdbcType=VARCHAR},
      diseases_other = #{diseasesOther,jdbcType=VARCHAR},
      allergic_history = #{allergicHistory,jdbcType=VARCHAR},
      allergic_other = #{allergicOther,jdbcType=VARCHAR},
      last_update_time = #{lastUpdateTime,jdbcType=TIMESTAMP},
      allergic_medicine = #{allergicMedicine,jdbcType=VARCHAR},
      recent_situation = #{recentSituation,jdbcType=VARCHAR},
      food_situation = #{foodSituation,jdbcType=VARCHAR},
      defecation_situation = #{defecationSituation,jdbcType=VARCHAR},
      defecation_rate = #{defecationRate,jdbcType=VARCHAR}
    where health_id = #{healthId,jdbcType=VARCHAR}
  </update>
</mapper>