<?xml version="1.0" encoding="UTF-8"?>
<!DOCTYPE mapper PUBLIC "-//mybatis.org//DTD Mapper 3.0//EN" "http://mybatis.org/dtd/mybatis-3-mapper.dtd">
<mapper namespace="cn.comshinetechchina.hyjxyl.dao.mapper.MemberExtendMapper">
  <resultMap id="BaseResultMap" type="cn.comshinetechchina.hyjxyl.domain.MemberExtend">
    <!--
      WARNING - @mbggenerated
      This element is automatically generated by MyBatis Generator, do not modify.
    -->
    <id column="member_id" jdbcType="VARCHAR" property="memberId" />
    <result column="name" jdbcType="VARCHAR" property="name" />
    <result column="sex" jdbcType="INTEGER" property="sex" />
    <result column="birthDay" jdbcType="TIMESTAMP" property="birthday" />
    <result column="nation_id" jdbcType="INTEGER" property="nationId" />
    <result column="province_id" jdbcType="INTEGER" property="provinceId" />
    <result column="city_id" jdbcType="INTEGER" property="cityId" />
    <result column="area_id" jdbcType="INTEGER" property="areaId" />
    <result column="community_id" jdbcType="INTEGER" property="communityId" />
    <result column="area_name" jdbcType="VARCHAR" property="areaName" />
    <result column="building_no" jdbcType="INTEGER" property="buildingNo" />
    <result column="unit" jdbcType="VARCHAR" property="unit" />
    <result column="home_no" jdbcType="VARCHAR" property="homeNo" />
    <result column="id_no" jdbcType="VARCHAR" property="idNo" />
    <result column="work_unit" jdbcType="VARCHAR" property="workUnit" />
    <result column="education_id" jdbcType="VARCHAR" property="educationId" />
    <result column="economic_sources_id" jdbcType="VARCHAR" property="economicSourcesId" />
    <result column="health_category_id" jdbcType="VARCHAR" property="healthCategoryId" />
    <result column="live_type_id" jdbcType="VARCHAR" property="liveTypeId" />
    <result column="son_number" jdbcType="INTEGER" property="sonNumber" />
    <result column="daughter_number" jdbcType="INTEGER" property="daughterNumber" />
    <result column="live_category" jdbcType="INTEGER" property="liveCategory" />
    <result column="live_category_id" jdbcType="VARCHAR" property="liveCategoryId" />
    <result column="has_nanny" jdbcType="INTEGER" property="hasNanny" />
    <result column="nanny_category_id" jdbcType="VARCHAR" property="nannyCategoryId" />
    <result column="available" jdbcType="INTEGER" property="available" />
    <result column="create_by" jdbcType="VARCHAR" property="createBy" />
    <result column="created_date" jdbcType="TIMESTAMP" property="createdDate" />
    <result column="last_update_time" jdbcType="TIMESTAMP" property="lastUpdateTime" />
    <result column="last_update_by" jdbcType="VARCHAR" property="lastUpdateBy" />
    <result column="age" jdbcType="INTEGER" property="age" />
    <result column="remark" jdbcType="VARCHAR" property="remark" />
  </resultMap>
  <sql id="Base_Column_List">
    <!--
      WARNING - @mbggenerated
      This element is automatically generated by MyBatis Generator, do not modify.
    -->
    member_id, name, sex, birthDay, nation_id, province_id, city_id, area_id, community_id, 
    area_name, building_no, unit, home_no, id_no, work_unit, education_id, economic_sources_id, 
    health_category_id, live_type_id, son_number, daughter_number, live_category, live_category_id, 
    has_nanny, nanny_category_id, available, create_by, created_date, last_update_time, 
    last_update_by, age, remark
  </sql>
  <select id="selectByPrimaryKey" parameterType="java.lang.String" resultMap="BaseResultMap">
    <!--
      WARNING - @mbggenerated
      This element is automatically generated by MyBatis Generator, do not modify.
    -->
    select 
    <include refid="Base_Column_List" />
    from tbl_member_extend
    where member_id = #{memberId,jdbcType=VARCHAR}
  </select>
  <delete id="deleteByPrimaryKey" parameterType="java.lang.String">
    <!--
      WARNING - @mbggenerated
      This element is automatically generated by MyBatis Generator, do not modify.
    -->
    delete from tbl_member_extend
    where member_id = #{memberId,jdbcType=VARCHAR}
  </delete>
  <insert id="insert" parameterType="cn.comshinetechchina.hyjxyl.domain.MemberExtend">
    <!--
      WARNING - @mbggenerated
      This element is automatically generated by MyBatis Generator, do not modify.
    -->
    insert into tbl_member_extend (member_id, name, sex, 
      birthDay, nation_id, province_id, 
      city_id, area_id, community_id, 
      area_name, building_no, unit, 
      home_no, id_no, work_unit, 
      education_id, economic_sources_id, health_category_id, 
      live_type_id, son_number, daughter_number, 
      live_category, live_category_id, has_nanny, 
      nanny_category_id, available, create_by, 
      created_date, last_update_time, last_update_by, 
      age, remark)
    values (#{memberId,jdbcType=VARCHAR}, #{name,jdbcType=VARCHAR}, #{sex,jdbcType=INTEGER}, 
      #{birthday,jdbcType=TIMESTAMP}, #{nationId,jdbcType=INTEGER}, #{provinceId,jdbcType=INTEGER}, 
      #{cityId,jdbcType=INTEGER}, #{areaId,jdbcType=INTEGER}, #{communityId,jdbcType=INTEGER}, 
      #{areaName,jdbcType=VARCHAR}, #{buildingNo,jdbcType=INTEGER}, #{unit,jdbcType=VARCHAR}, 
      #{homeNo,jdbcType=VARCHAR}, #{idNo,jdbcType=VARCHAR}, #{workUnit,jdbcType=VARCHAR}, 
      #{educationId,jdbcType=VARCHAR}, #{economicSourcesId,jdbcType=VARCHAR}, #{healthCategoryId,jdbcType=VARCHAR}, 
      #{liveTypeId,jdbcType=VARCHAR}, #{sonNumber,jdbcType=INTEGER}, #{daughterNumber,jdbcType=INTEGER}, 
      #{liveCategory,jdbcType=INTEGER}, #{liveCategoryId,jdbcType=VARCHAR}, #{hasNanny,jdbcType=INTEGER}, 
      #{nannyCategoryId,jdbcType=VARCHAR}, #{available,jdbcType=INTEGER}, #{createBy,jdbcType=VARCHAR}, 
      #{createdDate,jdbcType=TIMESTAMP}, #{lastUpdateTime,jdbcType=TIMESTAMP}, #{lastUpdateBy,jdbcType=VARCHAR}, 
      #{age,jdbcType=INTEGER}, #{remark,jdbcType=VARCHAR})
  </insert>
  <insert id="insertSelective" parameterType="cn.comshinetechchina.hyjxyl.domain.MemberExtend">
    <!--
      WARNING - @mbggenerated
      This element is automatically generated by MyBatis Generator, do not modify.
    -->
    insert into tbl_member_extend
    <trim prefix="(" suffix=")" suffixOverrides=",">
      <if test="memberId != null">
        member_id,
      </if>
      <if test="name != null">
        name,
      </if>
      <if test="sex != null">
        sex,
      </if>
      <if test="birthday != null">
        birthDay,
      </if>
      <if test="nationId != null">
        nation_id,
      </if>
      <if test="provinceId != null">
        province_id,
      </if>
      <if test="cityId != null">
        city_id,
      </if>
      <if test="areaId != null">
        area_id,
      </if>
      <if test="communityId != null">
        community_id,
      </if>
      <if test="areaName != null">
        area_name,
      </if>
      <if test="buildingNo != null">
        building_no,
      </if>
      <if test="unit != null">
        unit,
      </if>
      <if test="homeNo != null">
        home_no,
      </if>
      <if test="idNo != null">
        id_no,
      </if>
      <if test="workUnit != null">
        work_unit,
      </if>
      <if test="educationId != null">
        education_id,
      </if>
      <if test="economicSourcesId != null">
        economic_sources_id,
      </if>
      <if test="healthCategoryId != null">
        health_category_id,
      </if>
      <if test="liveTypeId != null">
        live_type_id,
      </if>
      <if test="sonNumber != null">
        son_number,
      </if>
      <if test="daughterNumber != null">
        daughter_number,
      </if>
      <if test="liveCategory != null">
        live_category,
      </if>
      <if test="liveCategoryId != null">
        live_category_id,
      </if>
      <if test="hasNanny != null">
        has_nanny,
      </if>
      <if test="nannyCategoryId != null">
        nanny_category_id,
      </if>
      <if test="available != null">
        available,
      </if>
      <if test="createBy != null">
        create_by,
      </if>
      <if test="createdDate != null">
        created_date,
      </if>
      <if test="lastUpdateTime != null">
        last_update_time,
      </if>
      <if test="lastUpdateBy != null">
        last_update_by,
      </if>
      <if test="age != null">
        age,
      </if>
      <if test="remark != null">
        remark,
      </if>
    </trim>
    <trim prefix="values (" suffix=")" suffixOverrides=",">
      <if test="memberId != null">
        #{memberId,jdbcType=VARCHAR},
      </if>
      <if test="name != null">
        #{name,jdbcType=VARCHAR},
      </if>
      <if test="sex != null">
        #{sex,jdbcType=INTEGER},
      </if>
      <if test="birthday != null">
        #{birthday,jdbcType=TIMESTAMP},
      </if>
      <if test="nationId != null">
        #{nationId,jdbcType=INTEGER},
      </if>
      <if test="provinceId != null">
        #{provinceId,jdbcType=INTEGER},
      </if>
      <if test="cityId != null">
        #{cityId,jdbcType=INTEGER},
      </if>
      <if test="areaId != null">
        #{areaId,jdbcType=INTEGER},
      </if>
      <if test="communityId != null">
        #{communityId,jdbcType=INTEGER},
      </if>
      <if test="areaName != null">
        #{areaName,jdbcType=VARCHAR},
      </if>
      <if test="buildingNo != null">
        #{buildingNo,jdbcType=INTEGER},
      </if>
      <if test="unit != null">
        #{unit,jdbcType=VARCHAR},
      </if>
      <if test="homeNo != null">
        #{homeNo,jdbcType=VARCHAR},
      </if>
      <if test="idNo != null">
        #{idNo,jdbcType=VARCHAR},
      </if>
      <if test="workUnit != null">
        #{workUnit,jdbcType=VARCHAR},
      </if>
      <if test="educationId != null">
        #{educationId,jdbcType=VARCHAR},
      </if>
      <if test="economicSourcesId != null">
        #{economicSourcesId,jdbcType=VARCHAR},
      </if>
      <if test="healthCategoryId != null">
        #{healthCategoryId,jdbcType=VARCHAR},
      </if>
      <if test="liveTypeId != null">
        #{liveTypeId,jdbcType=VARCHAR},
      </if>
      <if test="sonNumber != null">
        #{sonNumber,jdbcType=INTEGER},
      </if>
      <if test="daughterNumber != null">
        #{daughterNumber,jdbcType=INTEGER},
      </if>
      <if test="liveCategory != null">
        #{liveCategory,jdbcType=INTEGER},
      </if>
      <if test="liveCategoryId != null">
        #{liveCategoryId,jdbcType=VARCHAR},
      </if>
      <if test="hasNanny != null">
        #{hasNanny,jdbcType=INTEGER},
      </if>
      <if test="nannyCategoryId != null">
        #{nannyCategoryId,jdbcType=VARCHAR},
      </if>
      <if test="available != null">
        #{available,jdbcType=INTEGER},
      </if>
      <if test="createBy != null">
        #{createBy,jdbcType=VARCHAR},
      </if>
      <if test="createdDate != null">
        #{createdDate,jdbcType=TIMESTAMP},
      </if>
      <if test="lastUpdateTime != null">
        #{lastUpdateTime,jdbcType=TIMESTAMP},
      </if>
      <if test="lastUpdateBy != null">
        #{lastUpdateBy,jdbcType=VARCHAR},
      </if>
      <if test="age != null">
        #{age,jdbcType=INTEGER},
      </if>
      <if test="remark != null">
        #{remark,jdbcType=VARCHAR},
      </if>
    </trim>
  </insert>
  <update id="updateByPrimaryKeySelective" parameterType="cn.comshinetechchina.hyjxyl.domain.MemberExtend">
    <!--
      WARNING - @mbggenerated
      This element is automatically generated by MyBatis Generator, do not modify.
    -->
    update tbl_member_extend
    <set>
      <if test="name != null">
        name = #{name,jdbcType=VARCHAR},
      </if>
      <if test="sex != null">
        sex = #{sex,jdbcType=INTEGER},
      </if>
      <if test="birthday != null">
        birthDay = #{birthday,jdbcType=TIMESTAMP},
      </if>
      <if test="nationId != null">
        nation_id = #{nationId,jdbcType=INTEGER},
      </if>
      <if test="provinceId != null">
        province_id = #{provinceId,jdbcType=INTEGER},
      </if>
      <if test="cityId != null">
        city_id = #{cityId,jdbcType=INTEGER},
      </if>
      <if test="areaId != null">
        area_id = #{areaId,jdbcType=INTEGER},
      </if>
      <if test="communityId != null">
        community_id = #{communityId,jdbcType=INTEGER},
      </if>
      <if test="areaName != null">
        area_name = #{areaName,jdbcType=VARCHAR},
      </if>
      <if test="buildingNo != null">
        building_no = #{buildingNo,jdbcType=INTEGER},
      </if>
      <if test="unit != null">
        unit = #{unit,jdbcType=VARCHAR},
      </if>
      <if test="homeNo != null">
        home_no = #{homeNo,jdbcType=VARCHAR},
      </if>
      <if test="idNo != null">
        id_no = #{idNo,jdbcType=VARCHAR},
      </if>
      <if test="workUnit != null">
        work_unit = #{workUnit,jdbcType=VARCHAR},
      </if>
      <if test="educationId != null">
        education_id = #{educationId,jdbcType=VARCHAR},
      </if>
      <if test="economicSourcesId != null">
        economic_sources_id = #{economicSourcesId,jdbcType=VARCHAR},
      </if>
      <if test="healthCategoryId != null">
        health_category_id = #{healthCategoryId,jdbcType=VARCHAR},
      </if>
      <if test="liveTypeId != null">
        live_type_id = #{liveTypeId,jdbcType=VARCHAR},
      </if>
      <if test="sonNumber != null">
        son_number = #{sonNumber,jdbcType=INTEGER},
      </if>
      <if test="daughterNumber != null">
        daughter_number = #{daughterNumber,jdbcType=INTEGER},
      </if>
      <if test="liveCategory != null">
        live_category = #{liveCategory,jdbcType=INTEGER},
      </if>
      <if test="liveCategoryId != null">
        live_category_id = #{liveCategoryId,jdbcType=VARCHAR},
      </if>
      <if test="hasNanny != null">
        has_nanny = #{hasNanny,jdbcType=INTEGER},
      </if>
      <if test="nannyCategoryId != null">
        nanny_category_id = #{nannyCategoryId,jdbcType=VARCHAR},
      </if>
      <if test="available != null">
        available = #{available,jdbcType=INTEGER},
      </if>
      <if test="createBy != null">
        create_by = #{createBy,jdbcType=VARCHAR},
      </if>
      <if test="createdDate != null">
        created_date = #{createdDate,jdbcType=TIMESTAMP},
      </if>
      <if test="lastUpdateTime != null">
        last_update_time = #{lastUpdateTime,jdbcType=TIMESTAMP},
      </if>
      <if test="lastUpdateBy != null">
        last_update_by = #{lastUpdateBy,jdbcType=VARCHAR},
      </if>
      <if test="age != null">
        age = #{age,jdbcType=INTEGER},
      </if>
      <if test="remark != null">
        remark = #{remark,jdbcType=VARCHAR},
      </if>
    </set>
    where member_id = #{memberId,jdbcType=VARCHAR}
  </update>
  <update id="updateByPrimaryKey" parameterType="cn.comshinetechchina.hyjxyl.domain.MemberExtend">
    <!--
      WARNING - @mbggenerated
      This element is automatically generated by MyBatis Generator, do not modify.
    -->
    update tbl_member_extend
    set name = #{name,jdbcType=VARCHAR},
      sex = #{sex,jdbcType=INTEGER},
      birthDay = #{birthday,jdbcType=TIMESTAMP},
      nation_id = #{nationId,jdbcType=INTEGER},
      province_id = #{provinceId,jdbcType=INTEGER},
      city_id = #{cityId,jdbcType=INTEGER},
      area_id = #{areaId,jdbcType=INTEGER},
      community_id = #{communityId,jdbcType=INTEGER},
      area_name = #{areaName,jdbcType=VARCHAR},
      building_no = #{buildingNo,jdbcType=INTEGER},
      unit = #{unit,jdbcType=VARCHAR},
      home_no = #{homeNo,jdbcType=VARCHAR},
      id_no = #{idNo,jdbcType=VARCHAR},
      work_unit = #{workUnit,jdbcType=VARCHAR},
      education_id = #{educationId,jdbcType=VARCHAR},
      economic_sources_id = #{economicSourcesId,jdbcType=VARCHAR},
      health_category_id = #{healthCategoryId,jdbcType=VARCHAR},
      live_type_id = #{liveTypeId,jdbcType=VARCHAR},
      son_number = #{sonNumber,jdbcType=INTEGER},
      daughter_number = #{daughterNumber,jdbcType=INTEGER},
      live_category = #{liveCategory,jdbcType=INTEGER},
      live_category_id = #{liveCategoryId,jdbcType=VARCHAR},
      has_nanny = #{hasNanny,jdbcType=INTEGER},
      nanny_category_id = #{nannyCategoryId,jdbcType=VARCHAR},
      available = #{available,jdbcType=INTEGER},
      create_by = #{createBy,jdbcType=VARCHAR},
      created_date = #{createdDate,jdbcType=TIMESTAMP},
      last_update_time = #{lastUpdateTime,jdbcType=TIMESTAMP},
      last_update_by = #{lastUpdateBy,jdbcType=VARCHAR},
      age = #{age,jdbcType=INTEGER},
      remark = #{remark,jdbcType=VARCHAR}
    where member_id = #{memberId,jdbcType=VARCHAR}
  </update>
</mapper>