<?xml version="1.0" encoding="UTF-8"?>
<!DOCTYPE mapper PUBLIC "-//mybatis.org//DTD Mapper 3.0//EN" "http://mybatis.org/dtd/mybatis-3-mapper.dtd">
<mapper namespace="cn.comshinetechchina.hyjxyl.dao.MemberExtendDao">
    <select id="selectMemberExtendList" resultMap="cn.comshinetechchina.hyjxyl.dao.mapper.MemberExtendMapper.BaseResultMap" parameterType="cn.comshinetechchina.hyjxyl.domain.MemberExtend">
     select  ex.*   from
        tbl_members m
        LEFT JOIN tbl_member_extend ex  ON  m.member_id =ex.member_id
        left join tbl_cards card on m.card_id=card.card_id
     where  1=1
        <if test="phone!=null and phone !=''">
            and m.phone= #{phone}
        </if>
        <if test="sex!=null and sex!='' ">
            and ex.sex= #{sex}
        </if>
        <if test="nationId!=null and nationId!='' ">
            and ex.nation_id= #{nationId}
        </if>
        <if test="cardType!=null and cardType!='' ">
            and card.card_type_id= #{cardType}
        </if>
        <if test="idNo!=null and idNo!='' ">
            and ex.id_no= #{idNo}
        </if>
        ORDER  by ex.created_date desc
    </select>
</mapper>