<?xml version="1.0" encoding="UTF-8"?>
<!DOCTYPE mapper PUBLIC "-//mybatis.org//DTD Mapper 3.0//EN" "http://mybatis.org/dtd/mybatis-3-mapper.dtd">
<mapper namespace="cn.comshinetechchina.hyjxyl.dao.MessageDao">
    <resultMap id="BaseResultMap" type="cn.comshinetechchina.hyjxyl.domain.Message">
        <!--
          WARNING - @mbggenerated
          This element is automatically generated by MyBatis Generator, do not modify.
        -->
        <id column="message_id" jdbcType="VARCHAR" property="messageId" />
        <result column="message" jdbcType="VARCHAR" property="message" />
        <result column="message_type" jdbcType="VARCHAR" property="messageType" />
        <result column="status" jdbcType="VARCHAR" property="status" />
        <result column="user_id" jdbcType="VARCHAR" property="userId" />
        <result column="receive_user_id" jdbcType="VARCHAR" property="receiveUserId" />
        <result column="send_date" jdbcType="TIMESTAMP" property="sendDate" />
        <result column="available" jdbcType="INTEGER" property="available" />
        <result column="created_date" jdbcType="TIMESTAMP" property="createdDate" />
        <result column="create_by" jdbcType="VARCHAR" property="createBy" />
        <result column="updated_date" jdbcType="TIMESTAMP" property="updatedDate" />
        <result column="memberName" jdbcType="VARCHAR" property="memberName" />
    </resultMap>
    <select id="selectMessageList" resultMap="BaseResultMap" parameterType="java.util.HashMap">
        SELECT t.*,m.name AS memberName,tb.phone AS senderPhone FROM tbl_messages  t
        LEFT JOIN  tbl_member_extend m ON t.user_id=m.member_id
        LEFT JOIN tbl_members tb ON t.`user_id`=tb.`member_id`
     where  1=1
        <if test="memberId!=null and memberId !=''">
            and t.receive_user_id= #{memberId}
        </if>
        <if test="sendMemberId!=null and sendMemberId !=''">
            and t.user_id= #{sendMemberId}
        </if>
        <if test="messageType!=null and messageType !=''">
            and t.message_type= #{messageType}
        </if>
        <if test="status!=null and status!=''">
            and t.status= #{status}
        </if>
        <if test="startDate!=null and startDate !=''">
            <![CDATA[
              and DATE_FORMAT(`t.created_date`,"%Y-%m-%d")>= #{startDate}
             ]]>
        </if>
        <if test="endDate!=null and endDate !=''">
            <![CDATA[
              DATE_FORMAT(`t.created_date`,"%Y-%m-%d")<= #{endDate}
            ]]>
        </if>
        ORDER  by t.created_date desc
    </select>
</mapper>