<?xml version="1.0" encoding="UTF-8"?>
<!DOCTYPE mapper PUBLIC "-//mybatis.org//DTD Mapper 3.0//EN" "http://mybatis.org/dtd/mybatis-3-mapper.dtd">
<mapper namespace="cn.comshinetechchina.hyjxyl.dao.mapper.MessageMapper">
  <resultMap id="BaseResultMap" type="cn.comshinetechchina.hyjxyl.domain.Message">
    <!--
      WARNING - @mbggenerated
      This element is automatically generated by MyBatis Generator, do not modify.
    -->
    <id column="message_id" jdbcType="VARCHAR" property="messageId" />
    <result column="message" jdbcType="VARCHAR" property="message" />
    <result column="message_type" jdbcType="VARCHAR" property="messageType" />
    <result column="status" jdbcType="VARCHAR" property="status" />
    <result column="user_id" jdbcType="VARCHAR" property="userId" />
    <result column="receive_user_id" jdbcType="VARCHAR" property="receiveUserId" />
    <result column="send_date" jdbcType="TIMESTAMP" property="sendDate" />
    <result column="available" jdbcType="INTEGER" property="available" />
    <result column="created_date" jdbcType="TIMESTAMP" property="createdDate" />
    <result column="create_by" jdbcType="VARCHAR" property="createBy" />
    <result column="updated_date" jdbcType="TIMESTAMP" property="updatedDate" />
  </resultMap>
  <sql id="Base_Column_List">
    <!--
      WARNING - @mbggenerated
      This element is automatically generated by MyBatis Generator, do not modify.
    -->
    message_id, message, message_type, status, user_id, receive_user_id, send_date, available, 
    created_date, create_by, updated_date
  </sql>
  <select id="selectByPrimaryKey" parameterType="java.lang.String" resultMap="BaseResultMap">
    <!--
      WARNING - @mbggenerated
      This element is automatically generated by MyBatis Generator, do not modify.
    -->
    select 
    <include refid="Base_Column_List" />
    from tbl_messages
    where message_id = #{messageId,jdbcType=VARCHAR}
  </select>
  <delete id="deleteByPrimaryKey" parameterType="java.lang.String">
    <!--
      WARNING - @mbggenerated
      This element is automatically generated by MyBatis Generator, do not modify.
    -->
    delete from tbl_messages
    where message_id = #{messageId,jdbcType=VARCHAR}
  </delete>
  <insert id="insert" parameterType="cn.comshinetechchina.hyjxyl.domain.Message">
    <!--
      WARNING - @mbggenerated
      This element is automatically generated by MyBatis Generator, do not modify.
    -->
    insert into tbl_messages (message_id, message, message_type, 
      status, user_id, receive_user_id, 
      send_date, available, created_date, 
      create_by, updated_date)
    values (#{messageId,jdbcType=VARCHAR}, #{message,jdbcType=VARCHAR}, #{messageType,jdbcType=VARCHAR}, 
      #{status,jdbcType=VARCHAR}, #{userId,jdbcType=VARCHAR}, #{receiveUserId,jdbcType=VARCHAR}, 
      #{sendDate,jdbcType=TIMESTAMP}, #{available,jdbcType=INTEGER}, #{createdDate,jdbcType=TIMESTAMP}, 
      #{createBy,jdbcType=VARCHAR}, #{updatedDate,jdbcType=TIMESTAMP})
  </insert>
  <insert id="insertSelective" parameterType="cn.comshinetechchina.hyjxyl.domain.Message">
    <!--
      WARNING - @mbggenerated
      This element is automatically generated by MyBatis Generator, do not modify.
    -->
    insert into tbl_messages
    <trim prefix="(" suffix=")" suffixOverrides=",">
      <if test="messageId != null">
        message_id,
      </if>
      <if test="message != null">
        message,
      </if>
      <if test="messageType != null">
        message_type,
      </if>
      <if test="status != null">
        status,
      </if>
      <if test="userId != null">
        user_id,
      </if>
      <if test="receiveUserId != null">
        receive_user_id,
      </if>
      <if test="sendDate != null">
        send_date,
      </if>
      <if test="available != null">
        available,
      </if>
      <if test="createdDate != null">
        created_date,
      </if>
      <if test="createBy != null">
        create_by,
      </if>
      <if test="updatedDate != null">
        updated_date,
      </if>
    </trim>
    <trim prefix="values (" suffix=")" suffixOverrides=",">
      <if test="messageId != null">
        #{messageId,jdbcType=VARCHAR},
      </if>
      <if test="message != null">
        #{message,jdbcType=VARCHAR},
      </if>
      <if test="messageType != null">
        #{messageType,jdbcType=VARCHAR},
      </if>
      <if test="status != null">
        #{status,jdbcType=VARCHAR},
      </if>
      <if test="userId != null">
        #{userId,jdbcType=VARCHAR},
      </if>
      <if test="receiveUserId != null">
        #{receiveUserId,jdbcType=VARCHAR},
      </if>
      <if test="sendDate != null">
        #{sendDate,jdbcType=TIMESTAMP},
      </if>
      <if test="available != null">
        #{available,jdbcType=INTEGER},
      </if>
      <if test="createdDate != null">
        #{createdDate,jdbcType=TIMESTAMP},
      </if>
      <if test="createBy != null">
        #{createBy,jdbcType=VARCHAR},
      </if>
      <if test="updatedDate != null">
        #{updatedDate,jdbcType=TIMESTAMP},
      </if>
    </trim>
  </insert>
  <update id="updateByPrimaryKeySelective" parameterType="cn.comshinetechchina.hyjxyl.domain.Message">
    <!--
      WARNING - @mbggenerated
      This element is automatically generated by MyBatis Generator, do not modify.
    -->
    update tbl_messages
    <set>
      <if test="message != null">
        message = #{message,jdbcType=VARCHAR},
      </if>
      <if test="messageType != null">
        message_type = #{messageType,jdbcType=VARCHAR},
      </if>
      <if test="status != null">
        status = #{status,jdbcType=VARCHAR},
      </if>
      <if test="userId != null">
        user_id = #{userId,jdbcType=VARCHAR},
      </if>
      <if test="receiveUserId != null">
        receive_user_id = #{receiveUserId,jdbcType=VARCHAR},
      </if>
      <if test="sendDate != null">
        send_date = #{sendDate,jdbcType=TIMESTAMP},
      </if>
      <if test="available != null">
        available = #{available,jdbcType=INTEGER},
      </if>
      <if test="createdDate != null">
        created_date = #{createdDate,jdbcType=TIMESTAMP},
      </if>
      <if test="createBy != null">
        create_by = #{createBy,jdbcType=VARCHAR},
      </if>
      <if test="updatedDate != null">
        updated_date = #{updatedDate,jdbcType=TIMESTAMP},
      </if>
    </set>
    where message_id = #{messageId,jdbcType=VARCHAR}
  </update>
  <update id="updateByPrimaryKey" parameterType="cn.comshinetechchina.hyjxyl.domain.Message">
    <!--
      WARNING - @mbggenerated
      This element is automatically generated by MyBatis Generator, do not modify.
    -->
    update tbl_messages
    set message = #{message,jdbcType=VARCHAR},
      message_type = #{messageType,jdbcType=VARCHAR},
      status = #{status,jdbcType=VARCHAR},
      user_id = #{userId,jdbcType=VARCHAR},
      receive_user_id = #{receiveUserId,jdbcType=VARCHAR},
      send_date = #{sendDate,jdbcType=TIMESTAMP},
      available = #{available,jdbcType=INTEGER},
      created_date = #{createdDate,jdbcType=TIMESTAMP},
      create_by = #{createBy,jdbcType=VARCHAR},
      updated_date = #{updatedDate,jdbcType=TIMESTAMP}
    where message_id = #{messageId,jdbcType=VARCHAR}
  </update>
</mapper>