<?xml version="1.0" encoding="UTF-8"?>
<!DOCTYPE mapper PUBLIC "-//mybatis.org//DTD Mapper 3.0//EN" "http://mybatis.org/dtd/mybatis-3-mapper.dtd">
<mapper namespace="cn.comshinetechchina.hyjxyl.dao.mapper.PhoneCodeMapper">
  <resultMap id="BaseResultMap" type="cn.comshinetechchina.hyjxyl.domain.PhoneCode">
    <!--
      WARNING - @mbggenerated
      This element is automatically generated by MyBatis Generator, do not modify.
    -->
    <id column="phone" jdbcType="VARCHAR" property="phone" />
    <result column="identify_code" jdbcType="VARCHAR" property="identifyCode" />
    <result column="update_time" jdbcType="TIMESTAMP" property="updateTime" />
  </resultMap>
  <sql id="Base_Column_List">
    <!--
      WARNING - @mbggenerated
      This element is automatically generated by MyBatis Generator, do not modify.
    -->
    phone, identify_code, update_time
  </sql>
  <select id="selectByPrimaryKey" parameterType="java.lang.String" resultMap="BaseResultMap">
    <!--
      WARNING - @mbggenerated
      This element is automatically generated by MyBatis Generator, do not modify.
    -->
    select 
    <include refid="Base_Column_List" />
    from tbl_phone_code
    where phone = #{phone,jdbcType=VARCHAR}
  </select>
  <delete id="deleteByPrimaryKey" parameterType="java.lang.String">
    <!--
      WARNING - @mbggenerated
      This element is automatically generated by MyBatis Generator, do not modify.
    -->
    delete from tbl_phone_code
    where phone = #{phone,jdbcType=VARCHAR}
  </delete>
  <insert id="insert" parameterType="cn.comshinetechchina.hyjxyl.domain.PhoneCode">
    <!--
      WARNING - @mbggenerated
      This element is automatically generated by MyBatis Generator, do not modify.
    -->
    insert into tbl_phone_code (phone, identify_code, update_time
      )
    values (#{phone,jdbcType=VARCHAR}, #{identifyCode,jdbcType=VARCHAR}, #{updateTime,jdbcType=TIMESTAMP}
      )
  </insert>
  <insert id="insertSelective" parameterType="cn.comshinetechchina.hyjxyl.domain.PhoneCode">
    <!--
      WARNING - @mbggenerated
      This element is automatically generated by MyBatis Generator, do not modify.
    -->
    insert into tbl_phone_code
    <trim prefix="(" suffix=")" suffixOverrides=",">
      <if test="phone != null">
        phone,
      </if>
      <if test="identifyCode != null">
        identify_code,
      </if>
      <if test="updateTime != null">
        update_time,
      </if>
    </trim>
    <trim prefix="values (" suffix=")" suffixOverrides=",">
      <if test="phone != null">
        #{phone,jdbcType=VARCHAR},
      </if>
      <if test="identifyCode != null">
        #{identifyCode,jdbcType=VARCHAR},
      </if>
      <if test="updateTime != null">
        #{updateTime,jdbcType=TIMESTAMP},
      </if>
    </trim>
  </insert>
  <update id="updateByPrimaryKeySelective" parameterType="cn.comshinetechchina.hyjxyl.domain.PhoneCode">
    <!--
      WARNING - @mbggenerated
      This element is automatically generated by MyBatis Generator, do not modify.
    -->
    update tbl_phone_code
    <set>
      <if test="identifyCode != null">
        identify_code = #{identifyCode,jdbcType=VARCHAR},
      </if>
      <if test="updateTime != null">
        update_time = #{updateTime,jdbcType=TIMESTAMP},
      </if>
    </set>
    where phone = #{phone,jdbcType=VARCHAR}
  </update>
  <update id="updateByPrimaryKey" parameterType="cn.comshinetechchina.hyjxyl.domain.PhoneCode">
    <!--
      WARNING - @mbggenerated
      This element is automatically generated by MyBatis Generator, do not modify.
    -->
    update tbl_phone_code
    set identify_code = #{identifyCode,jdbcType=VARCHAR},
      update_time = #{updateTime,jdbcType=TIMESTAMP}
    where phone = #{phone,jdbcType=VARCHAR}
  </update>
</mapper>