<?xml version="1.0" encoding="UTF-8"?>
<!DOCTYPE mapper PUBLIC "-//mybatis.org//DTD Mapper 3.0//EN" "http://mybatis.org/dtd/mybatis-3-mapper.dtd">
<mapper namespace="cn.comshinetechchina.hyjxyl.dao.PointsDetailDao">
    <resultMap id="BaseResultMap" type="cn.comshinetechchina.hyjxyl.domain.PointsDetail" >
        <!--
          WARNING - @mbggenerated
          This element is automatically generated by MyBatis Generator, do not modify.
        -->
        <id column="points_detail_id" property="pointsDetailId" jdbcType="VARCHAR" />
        <result column="member_id" property="memberId" jdbcType="VARCHAR" />
        <result column="pre_point" property="prePoint" jdbcType="INTEGER" />
        <result column="after_point" property="afterPoint" jdbcType="INTEGER" />
        <result column="type" property="type" jdbcType="INTEGER" />
        <result column="article_id" property="articleId" jdbcType="VARCHAR" />
        <result column="remark" property="remark" jdbcType="VARCHAR" />
        <result column="create_time" property="createTime" jdbcType="TIMESTAMP" />
        <result column="createdTime" property="createdTime" jdbcType="VARCHAR" />
    </resultMap>
    <select id="selectPointsDetailList" resultMap="BaseResultMap" parameterType="java.util.HashMap">
     select  points_detail_id, member_id, pre_point, after_point, type, article_id, remark, create_time,
        DATE_FORMAT(create_time,"%Y年%m月%d日") as createdTime
     from
        tbl_points_detail
        where  1=1
        <if test="memberId!=null and memberId!=''">
         and member_id=#{memberId}
        </if>
        <if test="type!=null and type>0">
            and type=#{type}
        </if>
        <if test="articleId!=null and articleId!=''">
            and article_id=#{articleId}
        </if>
        <if test="createDate!=null and createDate!=''">
         <![CDATA[
           AND DATE_FORMAT(create_time,"%Y-%m-%d")=#{createDate}
           ]]>
        </if>
        ORDER  by create_time desc
        <if test="rowStart!=null and pageSize!=null">
            limit #{rowStart}, #{pageSize}
        </if>
    </select>

    <select id="selectPointsDetailListCount" parameterType="java.util.HashMap" resultType="Int">
    select count(1) from
        tbl_points_detail
        where  1=1
        <if test="memberId!=null and memberId!=''">
            and member_id=#{memberId}
        </if>
        <if test="type!=null and type>0">
            and type=#{type}
        </if>
        <if test="articleId!=null and articleId!=''">
            and article_id=#{articleId}
        </if>
        <if test="createDate!=null and createDate!=''">
            <![CDATA[
           AND DATE_FORMAT(create_time,"%Y-%m-%d")=#{createDate}
           ]]>
        </if>
    </select>
</mapper>